날짜,순위,영화명,개봉일,일일관객수,누적관객수,일일매출액
2025-01-01,1,하얼빈,2024-12-24,340484,3095720,3290065760
2025-01-01,2,보고타: 마지막 기회의 땅,2024-12-31,93154,194095,880276910
2025-01-01,3,소방관,2024-12-04,80830,3398126,769063260
2025-01-01,4,수퍼 소닉3,2025-01-01,75916,97373,705207940
2025-01-01,5,뽀로로 극장판 바닷속 대모험,2025-01-01,58882,92837,512345060
2025-01-01,6,무파사: 라이온 킹,2024-12-18,41753,698398,394659080
2025-01-01,7,모아나 2,2024-11-27,35255,3408070,337172520
2025-01-01,8,극장판 짱구는 못말려: 우리들의 공룡일기,2024-12-18,28292,596017,266817380
2025-01-01,9,위키드,2024-11-20,20527,2079690,206796180
2025-01-01,10,시빌 워: 분열의 시대,2024-12-31,17822,40589,192154650
2025-01-02,1,하얼빈,2024-12-24,92862,3188582,850528040
2025-01-02,2,보고타: 마지막 기회의 땅,2024-12-31,25303,219398,222931920
2025-01-02,3,소방관,2024-12-04,24580,3422706,224353000
2025-01-02,4,뽀로로 극장판 바닷속 대모험,2025-01-01,17857,110694,146678420
2025-01-02,5,수퍼 소닉3,2025-01-01,11618,108991,104062890
2025-01-02,6,무파사: 라이온 킹,2024-12-18,8664,707062,75023640
2025-01-02,7,극장판 짱구는 못말려: 우리들의 공룡일기,2024-12-18,8463,604480,78629440
2025-01-02,8,시빌 워: 분열의 시대,2024-12-31,8095,48684,82693800
2025-01-02,9,모아나 2,2024-11-27,7061,3415131,64737260
2025-01-02,10,위키드,2024-11-20,6632,2086322,64480080
2025-01-03,1,하얼빈,2024-12-24,91398,3279980,869700750
2025-01-03,2,소방관,2024-12-04,26722,3449428,256082380
2025-01-03,3,보고타: 마지막 기회의 땅,2024-12-31,21203,240601,198105460
2025-01-03,4,뽀로로 극장판 바닷속 대모험,2025-01-01,17142,127836,145127220
2025-01-03,5,수퍼 소닉3,2025-01-01,11144,120135,104172900
2025-01-03,6,무파사: 라이온 킹,2024-12-18,8896,715958,80004860
2025-01-03,7,극장판 짱구는 못말려: 우리들의 공룡일기,2024-12-18,8568,613048,81609720
2025-01-03,8,시빌 워: 분열의 시대,2024-12-31,8242,56926,86698500
2025-01-03,9,모아나 2,2024-11-27,7494,3422625,70988920
2025-01-03,10,위키드,2024-11-20,7486,2093808,74829940
2025-01-04,1,하얼빈,2024-12-24,218542,3498522,2140702910
2025-01-04,2,소방관,2024-12-04,55117,3504545,529248680
2025-01-04,3,보고타: 마지막 기회의 땅,2024-12-31,45091,285692,431379240
2025-01-04,4,수퍼 소닉3,2025-01-01,42122,162257,386163580
2025-01-04,5,뽀로로 극장판 바닷속 대모험,2025-01-01,34876,162712,299126140
2025-01-04,6,무파사: 라이온 킹,2024-12-18,21325,737283,201034480
2025-01-04,7,극장판 짱구는 못말려: 우리들의 공룡일기,2024-12-18,18193,631241,172179500
2025-01-04,8,모아나 2,2024-11-27,16392,3439017,158530460
2025-01-04,9,위키드,2024-11-20,14771,2108579,150394230
2025-01-04,10,시빌 워: 분열의 시대,2024-12-31,13723,70649,144598400
2025-01-05,1,하얼빈,2024-12-24,174400,3672922,1698746070
2025-01-05,2,소방관,2024-12-04,47406,3551951,460626940
2025-01-05,3,보고타: 마지막 기회의 땅,2024-12-31,36860,322552,356269140
2025-01-05,4,수퍼 소닉3,2025-01-01,36677,198934,335096180
2025-01-05,5,뽀로로 극장판 바닷속 대모험,2025-01-01,31687,194399,270555320
2025-01-05,6,무파사: 라이온 킹,2024-12-18,19696,756979,185978880
2025-01-05,7,극장판 짱구는 못말려: 우리들의 공룡일기,2024-12-18,16340,647581,155174100
2025-01-05,8,모아나 2,2024-11-27,14830,3453847,144271780
2025-01-05,9,위키드,2024-11-20,10447,2119026,106200350
2025-01-05,10,시빌 워: 분열의 시대,2024-12-31,9724,80373,103897720
2025-01-06,1,하얼빈,2024-12-24,56908,3729830,532981000
2025-01-06,2,소방관,2024-12-04,17418,3569369,161466400
2025-01-06,3,보고타: 마지막 기회의 땅,2024-12-31,14063,336615,124658000
2025-01-06,4,뽀로로 극장판 바닷속 대모험,2025-01-01,7298,201697,60398520
2025-01-06,5,수퍼 소닉3,2025-01-01,6056,204990,54945720
2025-01-06,6,극장판 짱구는 못말려: 우리들의 공룡일기,2024-12-18,5507,653088,51324620
2025-01-06,7,무파사: 라이온 킹,2024-12-18,5375,762354,47242120
2025-01-06,8,위키드,2024-11-20,4946,2123972,46735630
2025-01-06,9,모아나 2,2024-11-27,4614,3458461,42458640
2025-01-06,10,시빌 워: 분열의 시대,2024-12-31,4433,84806,43523100
2025-01-07,1,하얼빈,2024-12-24,49163,3778993,455178880
2025-01-07,2,소방관,2024-12-04,16456,3585825,153547120
2025-01-07,3,보고타: 마지막 기회의 땅,2024-12-31,11178,347793,99405800
2025-01-07,4,뽀로로 극장판 바닷속 대모험,2025-01-01,7245,208942,56752520
2025-01-07,5,수퍼 소닉3,2025-01-01,7062,212052,61920140
2025-01-07,6,극장판 짱구는 못말려: 우리들의 공룡일기,2024-12-18,5885,658973,54117960
2025-01-07,7,무파사: 라이온 킹,2024-12-18,4761,767115,41713280
2025-01-07,8,모아나 2,2024-11-27,4726,3463187,43483800
2025-01-07,9,위키드,2024-11-20,4386,2128358,42934800
2025-01-07,10,시빌 워: 분열의 시대,2024-12-31,3576,88382,37640800
2025-01-08,1,하얼빈,2024-12-24,48571,3827564,450021500
2025-01-08,2,동화지만 청불입니다,2025-01-08,20410,21851,178183680
2025-01-08,3,소방관,2024-12-04,14277,3600102,132918500
2025-01-08,4,페라리,2025-01-08,10489,11097,94027400
2025-01-08,5,보고타: 마지막 기회의 땅,2024-12-31,8410,356203,72624900
2025-01-08,6,뽀로로 극장판 바닷속 대모험,2025-01-01,6424,215366,50676300
2025-01-08,7,데드데드 데몬즈 디디디디 디스트럭션: 파트1,2025-01-08,5620,7025,43130100
2025-01-08,8,수퍼 소닉3,2025-01-01,5390,217442,46123840
2025-01-08,9,극장판 짱구는 못말려: 우리들의 공룡일기,2024-12-18,4955,663928,45166800
2025-01-08,10,러브레터,1999-11-20,4598,192218,39798440
2025-01-09,1,하얼빈,2024-12-24,44838,3872402,417467020
2025-01-09,2,동화지만 청불입니다,2025-01-08,14350,36201,128839600
2025-01-09,3,소방관,2024-12-04,14054,3614156,131254600
2025-01-09,4,뽀로로 극장판 바닷속 대모험,2025-01-01,6501,221867,50356500
2025-01-09,5,보고타: 마지막 기회의 땅,2024-12-31,6104,362307,53290920
2025-01-09,6,수퍼 소닉3,2025-01-01,5257,222699,45258080
2025-01-09,7,페라리,2025-01-08,5183,16280,47004900
2025-01-09,8,극장판 짱구는 못말려: 우리들의 공룡일기,2024-12-18,4645,668573,41649800
2025-01-09,9,무파사: 라이온 킹,2024-12-18,4330,775466,38701180
2025-01-09,10,위키드,2024-11-20,4082,2136433,45006940
2025-01-10,1,하얼빈,2024-12-24,54928,3927330,528475680
2025-01-10,2,소방관,2024-12-04,17448,3631604,168938860
2025-01-10,3,동화지만 청불입니다,2025-01-08,15535,51736,144265400
2025-01-10,4,뽀로로 극장판 바닷속 대모험,2025-01-01,7065,228932,55065900
2025-01-10,5,보고타: 마지막 기회의 땅,2024-12-31,7035,369342,63674600
2025-01-10,6,수퍼 소닉3,2025-01-01,6086,228785,54623360
2025-01-10,7,위키드,2024-11-20,5492,2141925,62833960
2025-01-10,8,무파사: 라이온 킹,2024-12-18,5392,780858,47897920
2025-01-10,9,극장판 짱구는 못말려: 우리들의 공룡일기,2024-12-18,5114,673687,48580120
2025-01-10,10,페라리,2025-01-08,4553,20833,44067500
2025-01-11,1,하얼빈,2024-12-24,134688,4062018,1328543400
2025-01-11,2,소방관,2024-12-04,37603,3669207,361251200
2025-01-11,3,동화지만 청불입니다,2025-01-08,27675,79411,263205920
2025-01-11,4,뽀로로 극장판 바닷속 대모험,2025-01-01,24741,253673,218732300
2025-01-11,5,수퍼 소닉3,2025-01-01,24351,253136,223718220
2025-01-11,6,보고타: 마지막 기회의 땅,2024-12-31,14127,383469,136820140
2025-01-11,7,극장판 짱구는 못말려: 우리들의 공룡일기,2024-12-18,13574,687261,128833900
2025-01-11,8,무파사: 라이온 킹,2024-12-18,13006,793864,124186520
2025-01-11,9,위키드,2024-11-20,11494,2153419,131325530
2025-01-11,10,모아나 2,2024-11-27,9777,3485095,94069760
2025-01-12,1,하얼빈,2024-12-24,118374,4180392,1165698080
2025-01-12,2,소방관,2024-12-04,33764,3702971,326411300
2025-01-12,3,뽀로로 극장판 바닷속 대모험,2025-01-01,24340,278013,217551720
2025-01-12,4,수퍼 소닉3,2025-01-01,23722,276858,217733480
2025-01-12,5,동화지만 청불입니다,2025-01-08,22356,101767,210813480
2025-01-12,6,극장판 짱구는 못말려: 우리들의 공룡일기,2024-12-18,13779,701040,129988000
2025-01-12,7,무파사: 라이온 킹,2024-12-18,12969,806833,123180600
2025-01-12,8,보고타: 마지막 기회의 땅,2024-12-31,12818,396287,124944620
2025-01-12,9,모아나 2,2024-11-27,10191,3495286,98356920
2025-01-12,10,위키드,2024-11-20,9930,2163349,111445030
2025-01-13,1,하얼빈,2024-12-24,37257,4217649,361876120
2025-01-13,2,소방관,2024-12-04,11710,3714681,110048100
2025-01-13,3,동화지만 청불입니다,2025-01-08,7037,108804,64872200
2025-01-13,4,보고타: 마지막 기회의 땅,2024-12-31,5401,401688,46524400
2025-01-13,5,극장판 짱구는 못말려: 우리들의 공룡일기,2024-12-18,3899,704939,36226700
2025-01-13,6,수퍼 소닉3,2025-01-01,3672,280530,32720920
2025-01-13,7,위키드,2024-11-20,3414,2166763,32888220
2025-01-13,8,서브스턴스,2024-12-11,3245,208398,30989900
2025-01-13,9,뽀로로 극장판 바닷속 대모험,2025-01-01,3190,281203,25772400
2025-01-13,10,모아나 2,2024-11-27,2768,3498054,24220680
2025-01-14,1,하얼빈,2024-12-24,32625,4250274,312019580
2025-01-14,2,소방관,2024-12-04,10911,3725592,101013700
2025-01-14,3,동화지만 청불입니다,2025-01-08,8478,117282,75822100
2025-01-14,4,뽀로로 극장판 바닷속 대모험,2025-01-01,5060,286263,37032900
2025-01-14,5,극장판 짱구는 못말려: 우리들의 공룡일기,2024-12-18,4029,708968,37328900
2025-01-14,6,보고타: 마지막 기회의 땅,2024-12-31,3884,405572,33876020
2025-01-14,7,수퍼 소닉3,2025-01-01,3882,284412,34242740
2025-01-14,8,위키드,2024-11-20,3204,2169967,30618760
2025-01-14,9,서브스턴스,2024-12-11,3195,211593,30509500
2025-01-14,10,모아나 2,2024-11-27,3065,3501119,27590520
2025-01-15,1,하얼빈,2024-12-24,31895,4282169,294365980
2025-01-15,2,소방관,2024-12-04,10761,3736353,100532600
2025-01-15,3,동화지만 청불입니다,2025-01-08,6328,123610,57475700
2025-01-15,4,서브스턴스,2024-12-11,6122,217715,56274420
2025-01-15,5,폭락,2025-01-15,4675,5449,40515700
2025-01-15,6,뽀로로 극장판 바닷속 대모험,2025-01-01,4247,290510,31194300
2025-01-15,7,극장판 짱구는 못말려: 우리들의 공룡일기,2024-12-18,4217,713185,37169600
2025-01-15,8,노스페라투,2025-01-15,3822,4948,37638400
2025-01-15,9,해리 포터와 죽음의 성물2,2011-07-13,3651,4425149,39842000
2025-01-15,10,수퍼 소닉3,2025-01-01,3586,287998,30397880
2025-01-16,1,하얼빈,2024-12-24,31286,4313455,290317040
2025-01-16,2,소방관,2024-12-04,10056,3746409,94051800
2025-01-16,3,동화지만 청불입니다,2025-01-08,6341,129951,56734600
2025-01-16,4,서브스턴스,2024-12-11,5524,223239,51799600
2025-01-16,5,뽀로로 극장판 바닷속 대모험,2025-01-01,4422,294932,31105300
2025-01-16,6,수퍼 소닉3,2025-01-01,3824,291822,31709080
2025-01-16,7,극장판 짱구는 못말려: 우리들의 공룡일기,2024-12-18,3659,716844,33446700
2025-01-16,8,위키드,2024-11-20,3130,2176365,29499530
2025-01-16,9,폭락,2025-01-15,3108,8557,26540300
2025-01-16,10,모아나 2,2024-11-27,2575,3506095,22782560
2025-01-17,1,하얼빈,2024-12-24,36634,4350089,351781760
2025-01-17,2,소방관,2024-12-04,12505,3758914,118051800
2025-01-17,3,서브스턴스,2024-12-11,7381,230620,71139800
2025-01-17,4,동화지만 청불입니다,2025-01-08,5934,135885,56425700
2025-01-17,5,뽀로로 극장판 바닷속 대모험,2025-01-01,4489,299421,33107400
2025-01-17,6,극장판 짱구는 못말려: 우리들의 공룡일기,2024-12-18,4325,721169,40163500
2025-01-17,7,위키드,2024-11-20,3697,2180062,36803300
2025-01-17,8,수퍼 소닉3,2025-01-01,3491,295313,31358960
2025-01-17,9,폭락,2025-01-15,3245,11802,29470900
2025-01-17,10,모아나 2,2024-11-27,3025,3509120,27210400
2025-01-18,1,하얼빈,2024-12-24,79205,4429294,771331860
2025-01-18,2,소방관,2024-12-04,24839,3783753,241868900
2025-01-18,3,수퍼 소닉3,2025-01-01,13588,308901,122827100
2025-01-18,4,뽀로로 극장판 바닷속 대모험,2025-01-01,13582,313003,121541700
2025-01-18,5,서브스턴스,2024-12-11,13070,243690,128581060
2025-01-18,6,동화지만 청불입니다,2025-01-08,12074,147959,120063020
2025-01-18,7,극장판 짱구는 못말려: 우리들의 공룡일기,2024-12-18,10730,731899,101370900
2025-01-18,8,위키드,2024-11-20,8045,2188107,80898380
2025-01-18,9,무파사: 라이온 킹,2024-12-18,7494,826544,71677920
2025-01-18,10,모아나 2,2024-11-27,6598,3515718,64234560
2025-01-19,1,하얼빈,2024-12-24,66404,4495698,647044080
2025-01-19,2,소방관,2024-12-04,22383,3806136,217849300
2025-01-19,3,뽀로로 극장판 바닷속 대모험,2025-01-01,13589,326592,121197320
2025-01-19,4,수퍼 소닉3,2025-01-01,13199,322100,119845220
2025-01-19,5,서브스턴스,2024-12-11,10851,254541,107412860
2025-01-19,6,극장판 짱구는 못말려: 우리들의 공룡일기,2024-12-18,10667,742566,101472040
2025-01-19,7,동화지만 청불입니다,2025-01-08,9657,157616,95999320
2025-01-19,8,무파사: 라이온 킹,2024-12-18,7288,833832,69164960
2025-01-19,9,위키드,2024-11-20,7058,2195165,70380670
2025-01-19,10,모아나 2,2024-11-27,6799,3522517,66257740
2025-01-20,1,하얼빈,2024-12-24,21819,4517517,205584030
2025-01-20,2,검은 수녀들,2025-01-24,8738,8738,80910000
2025-01-20,3,소방관,2024-12-04,7697,3813833,72287100
2025-01-20,4,서브스턴스,2024-12-11,5673,260214,53424900
2025-01-20,5,동화지만 청불입니다,2025-01-08,4150,161766,38012900
2025-01-20,6,극장판 짱구는 못말려: 우리들의 공룡일기,2024-12-18,2929,745495,27299700
2025-01-20,7,위키드,2024-11-20,2471,2197636,23401460
2025-01-20,8,수퍼 소닉3,2025-01-01,2325,324425,19700800
2025-01-20,9,뽀로로 극장판 바닷속 대모험,2025-01-01,1842,328434,14548100
2025-01-20,10,모아나 2,2024-11-27,1710,3524227,16057360
2025-01-21,1,하얼빈,2024-12-24,21270,4538787,198587700
2025-01-21,2,소방관,2024-12-04,7464,3821297,69961600
2025-01-21,3,서브스턴스,2024-12-11,5587,265801,52978900
2025-01-21,4,검은 수녀들,2025-01-24,3168,11906,28512000
2025-01-21,5,극장판 짱구는 못말려: 우리들의 공룡일기,2024-12-18,3018,748513,27823000
2025-01-21,6,위키드,2024-11-20,2728,2200364,26811660
2025-01-21,7,뽀로로 극장판 바닷속 대모험,2025-01-01,2650,331084,19426600
2025-01-21,8,수퍼 소닉3,2025-01-01,2430,326855,21118320
2025-01-21,9,동화지만 청불입니다,2025-01-08,2398,164164,22974420
2025-01-21,10,모아나 2,2024-11-27,2156,3526383,18608680
2025-01-22,1,히트맨2,2025-01-22,100621,103989,916194740
2025-01-22,2,하얼빈,2024-12-24,15691,4554478,147000600
2025-01-22,3,극장판 포켓몬스터 AG: 뮤와 파동의 용사 루카리오,2025-01-22,12329,12970,105625380
2025-01-22,4,서브스턴스,2024-12-11,5657,271458,53743280
2025-01-22,5,소방관,2024-12-04,4591,3825888,43366800
2025-01-22,6,뽀로로 극장판 바닷속 대모험,2025-01-01,2474,333558,17515000
2025-01-22,7,고스트캣 앙주,2025-01-22,2285,4161,18164100
2025-01-22,8,위키드,2024-11-20,2160,2202524,20779340
2025-01-22,9,극장판 짱구는 못말려: 우리들의 공룡일기,2024-12-18,1843,750356,17037300
2025-01-22,10,꼬마 판다 팡의 아프리카 대모험,2025-01-22,1729,3143,12133400
2025-01-23,1,히트맨2,2025-01-22,75696,179685,692207940
2025-01-23,2,하얼빈,2024-12-24,14910,4569388,139350180
2025-01-23,3,서브스턴스,2024-12-11,5782,277240,54623400
2025-01-23,4,극장판 포켓몬스터 AG: 뮤와 파동의 용사 루카리오,2025-01-22,5631,18601,47757200
2025-01-23,5,검은 수녀들,2025-01-24,5581,17657,49949000
2025-01-23,6,소방관,2024-12-04,4338,3830226,40857020
2025-01-23,7,위키드,2024-11-20,2275,2204799,22124360
2025-01-23,8,극장판 짱구는 못말려: 우리들의 공룡일기,2024-12-18,1882,752238,16766300
2025-01-23,9,해리 포터와 죽음의 성물2,2011-07-13,1829,4443440,20000400
2025-01-23,10,더 폴: 디렉터스 컷,2024-12-25,1593,74081,15631900
2025-01-24,1,검은 수녀들,2025-01-24,163727,181384,1558782820
2025-01-24,2,히트맨2,2025-01-22,69250,248935,657240060
2025-01-24,3,아이유 콘서트 : 더 위닝,2025-01-24,12500,12500,346528000
2025-01-24,4,하얼빈,2024-12-24,10531,4579919,100524900
2025-01-24,5,귀신경찰,2025-01-24,6049,8673,51374060
2025-01-24,6,서브스턴스,2024-12-11,5518,282758,53994100
2025-01-24,7,극장판 포켓몬스터 AG: 뮤와 파동의 용사 루카리오,2025-01-22,4807,23408,42117200
2025-01-24,8,대가족,2024-12-11,2354,324530,19128700
2025-01-24,9,소방관,2024-12-04,1952,3832178,18693200
2025-01-24,10,더 폴: 디렉터스 컷,2024-12-25,1520,75601,15437200
2025-01-25,1,검은 수녀들,2025-01-24,217527,398911,2129414800
2025-01-25,2,히트맨2,2025-01-22,157064,405999,1496126040
2025-01-25,3,하얼빈,2024-12-24,27436,4607355,272208200
2025-01-25,4,극장판 포켓몬스터 AG: 뮤와 파동의 용사 루카리오,2025-01-22,21460,44868,191645800
2025-01-25,5,서브스턴스,2024-12-11,9754,292512,97886420
2025-01-25,6,아이유 콘서트 : 더 위닝,2025-01-24,8182,20682,225461000
2025-01-25,7,귀신경찰,2025-01-24,6795,15468,59203500
2025-01-25,8,뽀로로 극장판 바닷속 대모험,2025-01-01,6299,342389,57287920
2025-01-25,9,극장판 짱구는 못말려: 우리들의 공룡일기,2024-12-18,4245,757955,39790600
2025-01-25,10,소방관,2024-12-04,4011,3836189,38430720
2025-01-26,1,검은 수녀들,2025-01-24,207234,606145,2019647840
2025-01-26,2,히트맨2,2025-01-22,198876,604875,1894912340
2025-01-26,3,하얼빈,2024-12-24,34860,4642215,338233020
2025-01-26,4,극장판 포켓몬스터 AG: 뮤와 파동의 용사 루카리오,2025-01-22,19717,64585,175836580
2025-01-26,5,서브스턴스,2024-12-11,10358,302870,102525100
2025-01-26,6,아이유 콘서트 : 더 위닝,2025-01-24,7379,28061,206078000
2025-01-26,7,뽀로로 극장판 바닷속 대모험,2025-01-01,7208,349597,66294320
2025-01-26,8,귀신경찰,2025-01-24,6481,21949,57883420
2025-01-26,9,극장판 짱구는 못말려: 우리들의 공룡일기,2024-12-18,4940,762895,47134140
2025-01-26,10,수퍼 소닉3,2025-01-01,4515,339618,42436840
2025-01-27,1,히트맨2,2025-01-22,189778,794653,1808351980
2025-01-27,2,검은 수녀들,2025-01-24,162437,768582,1575451100
2025-01-27,3,말할 수 없는 비밀,2025-01-27,50389,52674,471462340
2025-01-27,4,하얼빈,2024-12-24,27105,4669320,259256100
2025-01-27,5,극장판 포켓몬스터 AG: 뮤와 파동의 용사 루카리오,2025-01-22,16355,80940,145190180
2025-01-27,6,서브스턴스,2024-12-11,9603,312473,96390900
2025-01-27,7,바다 탐험대 옥토넛 어보브 앤 비욘드 : 극지방 대작전,2025-01-27,7030,7190,65741900
2025-01-27,8,뽀로로 극장판 바닷속 대모험,2025-01-01,6984,356581,63813680
2025-01-27,9,귀신경찰,2025-01-24,4006,25955,36255100
2025-01-27,10,꼬마 판다 팡의 아프리카 대모험,2025-01-22,3596,16484,32488500
2025-01-28,1,히트맨2,2025-01-22,199686,994339,1923121560
2025-01-28,2,검은 수녀들,2025-01-24,130861,899443,1307314200
2025-01-28,3,말할 수 없는 비밀,2025-01-27,41682,94356,412077140
2025-01-28,4,하얼빈,2024-12-24,34774,4704094,339019600
2025-01-28,5,극장판 포켓몬스터 AG: 뮤와 파동의 용사 루카리오,2025-01-22,10705,91645,96259280
2025-01-28,6,서브스턴스,2024-12-11,8613,321086,86657800
2025-01-28,7,뽀로로 극장판 바닷속 대모험,2025-01-01,5318,361899,48597000
2025-01-28,8,귀신경찰,2025-01-24,4327,30282,39943800
2025-01-28,9,바다 탐험대 옥토넛 어보브 앤 비욘드 : 극지방 대작전,2025-01-27,3955,11145,37759500
2025-01-28,10,위키드,2024-11-20,3402,2218291,35568170
2025-01-29,1,히트맨2,2025-01-22,272151,1266490,2631819440
2025-01-29,2,검은 수녀들,2025-01-24,143097,1042540,1418478500
2025-01-29,3,하얼빈,2024-12-24,52872,4756966,518248720
2025-01-29,4,말할 수 없는 비밀,2025-01-27,40645,135001,402848000
2025-01-29,5,서브스턴스,2024-12-11,9292,330378,93759700
2025-01-29,6,극장판 포켓몬스터 AG: 뮤와 파동의 용사 루카리오,2025-01-22,8840,100485,80889800
2025-01-29,7,귀신경찰,2025-01-24,5439,35721,51373900
2025-01-29,8,아이유 콘서트 : 더 위닝,2025-01-24,5359,39411,143708000
2025-01-29,9,뽀로로 극장판 바닷속 대모험,2025-01-01,4075,365974,37975600
2025-01-29,10,위키드,2024-11-20,3525,2221816,36093830
2025-01-30,1,히트맨2,2025-01-22,251495,1517985,2388273200
2025-01-30,2,검은 수녀들,2025-01-24,143948,1186488,1412324480
2025-01-30,3,말할 수 없는 비밀,2025-01-27,56798,191799,551935980
2025-01-30,4,하얼빈,2024-12-24,44918,4801884,429671420
2025-01-30,5,극장판 포켓몬스터 AG: 뮤와 파동의 용사 루카리오,2025-01-22,15680,116165,140290100
2025-01-30,6,서브스턴스,2024-12-11,11492,341870,114139000
2025-01-30,7,뽀로로 극장판 바닷속 대모험,2025-01-01,8147,374121,74796120
2025-01-30,8,귀신경찰,2025-01-24,6646,42367,59472500
2025-01-30,9,바다 탐험대 옥토넛 어보브 앤 비욘드 : 극지방 대작전,2025-01-27,5677,20151,53493100
2025-01-30,10,극장판 짱구는 못말려: 우리들의 공룡일기,2024-12-18,4769,776977,44640200
2025-01-31,1,히트맨2,2025-01-22,136443,1654428,1138265440
2025-01-31,2,검은 수녀들,2025-01-24,81309,1267797,687669780
2025-01-31,3,말할 수 없는 비밀,2025-01-27,43494,235293,357329460
2025-01-31,4,하얼빈,2024-12-24,21915,4823799,186564800
2025-01-31,5,서브스턴스,2024-12-11,11442,353312,93969900
2025-01-31,6,극장판 포켓몬스터 AG: 뮤와 파동의 용사 루카리오,2025-01-22,6450,122615,55624520
2025-01-31,7,아이유 콘서트 : 더 위닝,2025-01-24,2631,46405,70987500
2025-01-31,8,뽀로로 극장판 바닷속 대모험,2025-01-01,2473,376594,21234900
2025-01-31,9,더 폴: 디렉터스 컷,2024-12-25,2289,92389,18828800
2025-01-31,10,극장판 짱구는 못말려: 우리들의 공룡일기,2024-12-18,2109,779086,18465300
2025-02-01,1,히트맨2,2025-01-22,177129,1831557,1663433100
2025-02-01,2,검은 수녀들,2025-01-24,96041,1363838,934854220
2025-02-01,3,말할 수 없는 비밀,2025-01-27,63000,298293,612619860
2025-02-01,4,하얼빈,2024-12-24,23292,4847091,221246880
2025-02-01,5,서브스턴스,2024-12-11,15031,368343,148098060
2025-02-01,6,극장판 포켓몬스터 AG: 뮤와 파동의 용사 루카리오,2025-01-22,12342,134957,108039420
2025-02-01,7,뽀로로 극장판 바닷속 대모험,2025-01-01,5903,382497,53373900
2025-02-01,8,바다 탐험대 옥토넛 어보브 앤 비욘드 : 극지방 대작전,2025-01-27,4570,26386,42966600
2025-02-01,9,극장판 짱구는 못말려: 우리들의 공룡일기,2024-12-18,3801,782887,35361920
2025-02-01,10,아이유 콘서트 : 더 위닝,2025-01-24,3156,49561,85348500
2025-02-02,1,히트맨2,2025-01-22,137171,1968728,1297934140
2025-02-02,2,검은 수녀들,2025-01-24,66545,1430383,652674860
2025-02-02,3,말할 수 없는 비밀,2025-01-27,54367,352660,534483240
2025-02-02,4,하얼빈,2024-12-24,16025,4863116,152422000
2025-02-02,5,서브스턴스,2024-12-11,11540,379883,114115500
2025-02-02,6,극장판 포켓몬스터 AG: 뮤와 파동의 용사 루카리오,2025-01-22,11412,146369,100513360
2025-02-02,7,뽀로로 극장판 바닷속 대모험,2025-01-01,5903,388400,52742420
2025-02-02,8,아이유 콘서트 : 더 위닝,2025-01-24,5372,54933,153613500
2025-02-02,9,바다 탐험대 옥토넛 어보브 앤 비욘드 : 극지방 대작전,2025-01-27,4245,30631,39591800
2025-02-02,10,극장판 짱구는 못말려: 우리들의 공룡일기,2024-12-18,3883,786770,36600000
2025-02-03,1,히트맨2,2025-01-22,42293,2011021,392238820
2025-02-03,2,검은 수녀들,2025-01-24,27623,1458006,254610780
2025-02-03,3,말할 수 없는 비밀,2025-01-27,20026,372686,183992260
2025-02-03,4,서브스턴스,2024-12-11,6296,386179,60530900
2025-02-03,5,하얼빈,2024-12-24,5453,4868569,50734600
2025-02-03,6,극장판 포켓몬스터 AG: 뮤와 파동의 용사 루카리오,2025-01-22,1553,147922,13329100
2025-02-03,7,더 폴: 디렉터스 컷,2024-12-25,1276,99268,12341800
2025-02-03,8,아이유 콘서트 : 더 위닝,2025-01-24,1270,56203,34035000
2025-02-03,9,위키드,2024-11-20,858,2233786,8067600
2025-02-03,10,죽은 시인의 사회,1990-05-19,854,74095,8189800
2025-02-04,1,히트맨2,2025-01-22,38667,2049688,358763700
2025-02-04,2,검은 수녀들,2025-01-24,24747,1482753,227848180
2025-02-04,3,말할 수 없는 비밀,2025-01-27,21192,393878,190460760
2025-02-04,4,서브스턴스,2024-12-11,5586,391765,54159300
2025-02-04,5,하얼빈,2024-12-24,5096,4873665,46970100
2025-02-04,6,극장판 포켓몬스터 AG: 뮤와 파동의 용사 루카리오,2025-01-22,1953,149875,16285000
2025-02-04,7,아이유 콘서트 : 더 위닝,2025-01-24,1415,57618,37769000
2025-02-04,8,뽀로로 극장판 바닷속 대모험,2025-01-01,1199,390371,8766400
2025-02-04,9,더 폴: 디렉터스 컷,2024-12-25,1172,100440,11376100
2025-02-04,10,꼬마 판다 팡의 아프리카 대모험,2025-01-22,1112,29036,6730700
2025-02-05,1,브로큰,2025-02-05,42561,44115,376594860
2025-02-05,2,히트맨2,2025-01-22,33533,2083221,305762480
2025-02-05,3,말할 수 없는 비밀,2025-01-27,22311,416189,201095860
2025-02-05,4,검은 수녀들,2025-01-24,18675,1501428,173157300
2025-02-05,5,서브스턴스,2024-12-11,4990,396755,47886200
2025-02-05,6,하얼빈,2024-12-24,3392,4877057,30906640
2025-02-05,7,극장판 쿠로코의 농구 라스트 게임,2017-04-27,2654,66631,25297800
2025-02-05,8,데드데드 데몬즈 디디디디 디스트럭션: 파트2,2025-02-05,2124,3045,15949800
2025-02-05,9,더 폴: 디렉터스 컷,2024-12-25,1963,102403,22241400
2025-02-05,10,"레드벨벳 해피니스 다이어리 : 마이 디어, 레베럽 인 시네마",2025-02-05,1791,1791,44775000
2025-02-06,1,히트맨2,2025-01-22,31319,2114540,286603200
2025-02-06,2,브로큰,2025-02-05,22618,66733,203142960
2025-02-06,3,말할 수 없는 비밀,2025-01-27,20051,436240,183449100
2025-02-06,4,검은 수녀들,2025-01-24,15350,1516778,143297060
2025-02-06,5,서브스턴스,2024-12-11,5217,401972,49809900
2025-02-06,6,하얼빈,2024-12-24,3166,4880223,28853300
2025-02-06,7,더 폴: 디렉터스 컷,2024-12-25,2104,104507,24750200
2025-02-06,8,뽀로로 극장판 바닷속 대모험,2025-01-01,1753,393563,11309600
2025-02-06,9,영화 러브 라이브! 니지가사키 학원 스쿨 아이돌 동호회 완결편 제1장,2025-02-06,1620,1703,15697160
2025-02-06,10,극장판 포켓몬스터 AG: 뮤와 파동의 용사 루카리오,2025-01-22,1362,152319,11299500
2025-02-07,1,히트맨2,2025-01-22,36069,2150609,344717000
2025-02-07,2,말할 수 없는 비밀,2025-01-27,24167,460407,232492780
2025-02-07,3,브로큰,2025-02-05,22775,89508,212502860
2025-02-07,4,검은 수녀들,2025-01-24,17415,1534193,168373100
2025-02-07,5,서브스턴스,2024-12-11,6340,408312,62522900
2025-02-07,6,하얼빈,2024-12-24,3772,4883995,34433700
2025-02-07,7,아이유 콘서트 : 더 위닝,2025-01-24,3190,63260,88975000
2025-02-07,8,더 폴: 디렉터스 컷,2024-12-25,2481,106988,30174000
2025-02-07,9,"레드벨벳 해피니스 다이어리 : 마이 디어, 레베럽 인 시네마",2025-02-05,2295,4617,57371000
2025-02-07,10,귀신경찰,2025-01-24,1699,52612,13741100
2025-02-08,1,히트맨2,2025-01-22,87397,2238006,837958160
2025-02-08,2,말할 수 없는 비밀,2025-01-27,60091,520498,589983720
2025-02-08,3,브로큰,2025-02-05,39416,128924,381276100
2025-02-08,4,검은 수녀들,2025-01-24,36259,1570452,354461260
2025-02-08,5,서브스턴스,2024-12-11,13039,421351,128353020
2025-02-08,6,하얼빈,2024-12-24,6620,4890615,63914900
2025-02-08,7,극장판 포켓몬스터 AG: 뮤와 파동의 용사 루카리오,2025-01-22,6131,159676,55169020
2025-02-08,8,더 폴: 디렉터스 컷,2024-12-25,5179,112167,58708400
2025-02-08,9,뽀로로 극장판 바닷속 대모험,2025-01-01,3892,398660,36012600
2025-02-08,10,바다 탐험대 옥토넛 어보브 앤 비욘드 : 극지방 대작전,2025-01-27,3144,36518,27676500
2025-02-09,1,히트맨2,2025-01-22,78083,2316089,747734800
2025-02-09,2,말할 수 없는 비밀,2025-01-27,53979,574477,535332640
2025-02-09,3,브로큰,2025-02-05,32074,160998,309187040
2025-02-09,4,검은 수녀들,2025-01-24,29864,1600316,290869600
2025-02-09,5,서브스턴스,2024-12-11,11194,432545,111236000
2025-02-09,6,극장판 포켓몬스터 AG: 뮤와 파동의 용사 루카리오,2025-01-22,6992,166668,62587800
2025-02-09,7,하얼빈,2024-12-24,5610,4896225,54366260
2025-02-09,8,뽀로로 극장판 바닷속 대모험,2025-01-01,4584,403244,41961100
2025-02-09,9,더 폴: 디렉터스 컷,2024-12-25,4562,116729,46407500
2025-02-09,10,바다 탐험대 옥토넛 어보브 앤 비욘드 : 극지방 대작전,2025-01-27,3552,40070,31712500
2025-02-10,1,히트맨2,2025-01-22,25572,2341661,237721700
2025-02-10,2,말할 수 없는 비밀,2025-01-27,17689,592166,163452200
2025-02-10,3,검은 수녀들,2025-01-24,10389,1610705,100363980
2025-02-10,4,브로큰,2025-02-05,9355,170353,86721500
2025-02-10,5,서브스턴스,2024-12-11,5832,438377,56112300
2025-02-10,6,더 폴: 디렉터스 컷,2024-12-25,2729,119458,26578000
2025-02-10,7,하얼빈,2024-12-24,2477,4898702,23137200
2025-02-10,8,아이유 콘서트 : 더 위닝,2025-01-24,1134,67068,32109500
2025-02-10,9,극장판 포켓몬스터 AG: 뮤와 파동의 용사 루카리오,2025-01-22,1044,167712,8733000
2025-02-10,10,9월 5일: 위험한 특종,2025-02-05,831,8456,7768400
2025-02-11,1,히트맨2,2025-01-22,22375,2364036,207060900
2025-02-11,2,말할 수 없는 비밀,2025-01-27,16797,608963,154547300
2025-02-11,3,검은 수녀들,2025-01-24,9654,1620359,92701400
2025-02-11,4,브로큰,2025-02-05,8850,179203,78753800
2025-02-11,5,서브스턴스,2024-12-11,5624,444001,53992600
2025-02-11,6,더 폴: 디렉터스 컷,2024-12-25,2666,122124,26094000
2025-02-11,7,하얼빈,2024-12-24,2161,4900863,20276200
2025-02-11,8,뽀로로 극장판 바닷속 대모험,2025-01-01,1203,405269,8528900
2025-02-11,9,극장판 포켓몬스터 AG: 뮤와 파동의 용사 루카리오,2025-01-22,997,168709,8415800
2025-02-11,10,9월 5일: 위험한 특종,2025-02-05,932,9388,8714700
2025-02-12,1,캡틴 아메리카: 브레이브 뉴 월드,2025-02-12,123237,124005,1235188390
2025-02-12,2,히트맨2,2025-01-22,15063,2379099,140532000
2025-02-12,3,말할 수 없는 비밀,2025-01-27,13992,622955,128638300
2025-02-12,4,검은 수녀들,2025-01-24,5721,1626080,54087800
2025-02-12,5,브루탈리스트,2025-02-12,4952,7936,46524000
2025-02-12,6,서브스턴스,2024-12-11,4294,448295,41033300
2025-02-12,7,브로큰,2025-02-05,3081,182284,28000300
2025-02-12,8,미드나잇 인 파리,2012-07-05,2779,384348,24110800
2025-02-12,9,극장판 쿠로코의 농구 라스트 게임,2017-04-27,2610,74891,17898400
2025-02-12,10,더 폴: 디렉터스 컷,2024-12-25,2245,124369,21685300
2025-02-13,1,캡틴 아메리카: 브레이브 뉴 월드,2025-02-12,84843,208848,838062130
2025-02-13,2,히트맨2,2025-01-22,13807,2392906,126723800
2025-02-13,3,말할 수 없는 비밀,2025-01-27,12864,635819,118899880
2025-02-13,4,검은 수녀들,2025-01-24,5764,1631844,53884900
2025-02-13,5,서브스턴스,2024-12-11,4319,452614,41325360
2025-02-13,6,브루탈리스트,2025-02-12,3299,11235,30724700
2025-02-13,7,브로큰,2025-02-05,2598,184882,23367900
2025-02-13,8,더 폴: 디렉터스 컷,2024-12-25,2107,126476,20571100
2025-02-13,9,미드나잇 인 파리,2012-07-05,1676,386024,14809420
2025-02-13,10,500일의 썸머,2010-01-21,1436,301693,13783700
2025-02-14,1,캡틴 아메리카: 브레이브 뉴 월드,2025-02-12,113881,322729,1166629870
2025-02-14,2,말할 수 없는 비밀,2025-01-27,16771,652590,161175220
2025-02-14,3,명탐정 코난: 14번째 표적,2025-02-14,15480,19292,144339960
2025-02-14,4,히트맨2,2025-01-22,15269,2408175,146140700
2025-02-14,5,검은 수녀들,2025-01-24,5352,1637196,52501500
2025-02-14,6,서브스턴스,2024-12-11,5082,457696,51214400
2025-02-14,7,엘리: 몬스터 패밀리,2025-02-14,4324,5494,32788600
2025-02-14,8,브루탈리스트,2025-02-12,3572,14807,35230700
2025-02-14,9,첫 번째 키스,2025-02-26,3163,3329,29876000
2025-02-14,10,500일의 썸머,2010-01-21,2708,304401,28853200
2025-02-15,1,캡틴 아메리카: 브레이브 뉴 월드,2025-02-12,258697,581426,2621371620
2025-02-15,2,말할 수 없는 비밀,2025-01-27,31460,684050,317830900
2025-02-15,3,히트맨2,2025-01-22,28593,2436768,273724720
2025-02-15,4,명탐정 코난: 14번째 표적,2025-02-14,11670,30962,109346040
2025-02-15,5,서브스턴스,2024-12-11,8674,466370,86496400
2025-02-15,6,검은 수녀들,2025-01-24,7731,1644927,76007020
2025-02-15,7,엘리: 몬스터 패밀리,2025-02-14,6355,11849,55545100
2025-02-15,8,브루탈리스트,2025-02-12,6279,21086,64566900
2025-02-15,9,더 폴: 디렉터스 컷,2024-12-25,5501,134364,56973200
2025-02-15,10,미드나잇 인 파리,2012-07-05,3169,390943,35139460
2025-02-16,1,캡틴 아메리카: 브레이브 뉴 월드,2025-02-12,211258,792684,2117673880
2025-02-16,2,말할 수 없는 비밀,2025-01-27,30004,714054,305280200
2025-02-16,3,히트맨2,2025-01-22,25480,2462248,246259920
2025-02-16,4,명탐정 코난: 14번째 표적,2025-02-14,10468,41430,98625900
2025-02-16,5,서브스턴스,2024-12-11,7238,473608,72600960
2025-02-16,6,검은 수녀들,2025-01-24,6421,1651348,63573700
2025-02-16,7,엘리: 몬스터 패밀리,2025-02-14,5660,17509,49555700
2025-02-16,8,브루탈리스트,2025-02-12,5574,26660,58691300
2025-02-16,9,더 폴: 디렉터스 컷,2024-12-25,4798,139162,49202000
2025-02-16,10,아이유 콘서트 : 더 위닝,2025-01-24,2744,72861,68598500
2025-02-17,1,캡틴 아메리카: 브레이브 뉴 월드,2025-02-12,59016,851700,579917620
2025-02-17,2,말할 수 없는 비밀,2025-01-27,10027,724081,93480600
2025-02-17,3,히트맨2,2025-01-22,9666,2471914,90126500
2025-02-17,4,서브스턴스,2024-12-11,4265,477873,41181300
2025-02-17,5,명탐정 코난: 14번째 표적,2025-02-14,4193,45623,38566180
2025-02-17,6,브루탈리스트,2025-02-12,3363,30023,31581160
2025-02-17,7,검은 수녀들,2025-01-24,3121,1654469,29650600
2025-02-17,8,더 폴: 디렉터스 컷,2024-12-25,2199,141361,21696700
2025-02-17,9,엘리: 몬스터 패밀리,2025-02-14,1409,18918,10758300
2025-02-17,10,500일의 썸머,2010-01-21,1397,310975,13112200
2025-02-18,1,캡틴 아메리카: 브레이브 뉴 월드,2025-02-12,51962,903662,510806690
2025-02-18,2,말할 수 없는 비밀,2025-01-27,10251,734332,95402900
2025-02-18,3,히트맨2,2025-01-22,9188,2481102,84711100
2025-02-18,4,명탐정 코난: 14번째 표적,2025-02-14,4207,49830,38421500
2025-02-18,5,서브스턴스,2024-12-11,4113,481986,39727400
2025-02-18,6,브루탈리스트,2025-02-12,3302,33325,31085000
2025-02-18,7,검은 수녀들,2025-01-24,2914,1657383,27326500
2025-02-18,8,괜찮아 괜찮아 괜찮아! ,2025-02-26,2178,2495,19602000
2025-02-18,9,더 폴: 디렉터스 컷,2024-12-25,2099,143460,20414300
2025-02-18,10,엘리: 몬스터 패밀리,2025-02-14,1499,20417,11832700
2025-02-19,1,캡틴 아메리카: 브레이브 뉴 월드,2025-02-12,49474,953136,478857320
2025-02-19,2,말할 수 없는 비밀,2025-01-27,9947,744279,92909860
2025-02-19,3,히트맨2,2025-01-22,8121,2489223,75281080
2025-02-19,4,패딩턴: 페루에 가다!,2025-02-19,7501,9030,57009900
2025-02-19,5,서브스턴스,2024-12-11,4214,486200,40174500
2025-02-19,6,써니데이,2025-02-19,4145,5225,34750200
2025-02-19,7,명탐정 코난: 14번째 표적,2025-02-14,4136,53966,37874400
2025-02-19,8,영화 이상한 과자 가게 전천당,2025-02-19,3941,4831,29687200
2025-02-19,9,히어 ,2025-02-19,3227,3801,22618620
2025-02-19,10,브루탈리스트,2025-02-12,2718,36043,25195760
2025-02-20,1,캡틴 아메리카: 브레이브 뉴 월드,2025-02-12,43079,996215,419346326
2025-02-20,2,말할 수 없는 비밀,2025-01-27,9482,753761,88257820
2025-02-20,3,히트맨2,2025-01-22,7810,2497033,72458000
2025-02-20,4,패딩턴: 페루에 가다!,2025-02-19,5481,14511,44759700
2025-02-20,5,서브스턴스,2024-12-11,3944,490144,38201100
2025-02-20,6,영화 이상한 과자 가게 전천당,2025-02-19,3490,8321,27632600
2025-02-20,7,명탐정 코난: 14번째 표적,2025-02-14,3469,57435,31468700
2025-02-20,8,브루탈리스트,2025-02-12,2742,38785,25721500
2025-02-20,9,더 폴: 디렉터스 컷,2024-12-25,2479,148238,25404800
2025-02-20,10,써니데이,2025-02-19,2451,7676,20099200
2025-02-21,1,캡틴 아메리카: 브레이브 뉴 월드,2025-02-12,62480,1058695,634995360
2025-02-21,2,퇴마록,2025-02-21,26501,33882,258745320
2025-02-21,3,"그 시절, 우리가 좋아했던 소녀",2025-02-21,23304,25693,199290800
2025-02-21,4,말할 수 없는 비밀,2025-01-27,7605,761366,73322920
2025-02-21,5,히트맨2,2025-01-22,6108,2503141,57759200
2025-02-21,6,패딩턴: 페루에 가다!,2025-02-19,5767,20278,50010300
2025-02-21,7,서브스턴스,2024-12-11,4104,494248,40599600
2025-02-21,8,영화 이상한 과자 가게 전천당,2025-02-19,2824,11145,23620800
2025-02-21,9,브루탈리스트,2025-02-12,2761,41546,27247100
2025-02-21,10,명탐정 코난: 14번째 표적,2025-02-14,2442,59877,22584200
2025-02-22,1,캡틴 아메리카: 브레이브 뉴 월드,2025-02-12,137652,1196347,1381867260
2025-02-22,2,퇴마록,2025-02-21,43069,76951,421844100
2025-02-22,3,"그 시절, 우리가 좋아했던 소녀",2025-02-21,23985,49678,218090900
2025-02-22,4,패딩턴: 페루에 가다!,2025-02-19,15023,35301,133316300
2025-02-22,5,말할 수 없는 비밀,2025-01-27,14395,775761,137547340
2025-02-22,6,히트맨2,2025-01-22,12823,2515964,123602200
2025-02-22,7,영화 이상한 과자 가게 전천당,2025-02-19,7321,18466,63261400
2025-02-22,8,서브스턴스,2024-12-11,6994,501242,69968200
2025-02-22,9,브루탈리스트,2025-02-12,5397,46943,55755400
2025-02-22,10,더 폴: 디렉터스 컷,2024-12-25,4405,154705,45423500
2025-02-23,1,캡틴 아메리카: 브레이브 뉴 월드,2025-02-12,116010,1312357,1157947840
2025-02-23,2,퇴마록,2025-02-21,38520,115471,375133380
2025-02-23,3,"그 시절, 우리가 좋아했던 소녀",2025-02-21,21312,70990,203842800
2025-02-23,4,패딩턴: 페루에 가다!,2025-02-19,14012,49313,125572900
2025-02-23,5,말할 수 없는 비밀,2025-01-27,13627,789388,130349600
2025-02-23,6,히트맨2,2025-01-22,11242,2527206,108480120
2025-02-23,7,영화 이상한 과자 가게 전천당,2025-02-19,7721,26187,67715100
2025-02-23,8,서브스턴스,2024-12-11,6191,507433,61578620
2025-02-23,9,브루탈리스트,2025-02-12,5407,52350,54701700
2025-02-23,10,엘리: 몬스터 패밀리,2025-02-14,4052,34012,34901000
2025-02-24,1,캡틴 아메리카: 브레이브 뉴 월드,2025-02-12,31316,1343673,305035800
2025-02-24,2,퇴마록,2025-02-21,15545,131016,146129000
2025-02-24,3,"그 시절, 우리가 좋아했던 소녀",2025-02-21,8788,79778,79493800
2025-02-24,4,말할 수 없는 비밀,2025-01-27,5614,795002,52590600
2025-02-24,5,패딩턴: 페루에 가다!,2025-02-19,4309,53622,36161300
2025-02-24,6,히트맨2,2025-01-22,4283,2531489,39799400
2025-02-24,7,서브스턴스,2024-12-11,3770,511203,36436400
2025-02-24,8,브루탈리스트,2025-02-12,2262,54612,21550500
2025-02-24,9,영화 이상한 과자 가게 전천당,2025-02-19,2102,28289,17998400
2025-02-24,10,명탐정 코난: 14번째 표적,2025-02-14,1863,69845,17109860
2025-02-25,1,캡틴 아메리카: 브레이브 뉴 월드,2025-02-12,27965,1371638,270641560
2025-02-25,2,퇴마록,2025-02-21,14376,145392,135181380
2025-02-25,3,"그 시절, 우리가 좋아했던 소녀",2025-02-21,8864,88642,76498200
2025-02-25,4,말할 수 없는 비밀,2025-01-27,5810,800812,52858400
2025-02-25,5,패딩턴: 페루에 가다!,2025-02-19,5462,59084,44184900
2025-02-25,6,히트맨2,2025-01-22,4258,2535747,39205200
2025-02-25,7,서브스턴스,2024-12-11,4147,515350,39734100
2025-02-25,8,영화 이상한 과자 가게 전천당,2025-02-19,2590,30879,21299700
2025-02-25,9,브루탈리스트,2025-02-12,2407,57019,22792400
2025-02-25,10,명탐정 코난: 14번째 표적,2025-02-14,2052,71897,18741800
2025-02-26,1,캡틴 아메리카: 브레이브 뉴 월드,2025-02-12,40074,1411712,329905500
2025-02-26,2,퇴마록,2025-02-21,24124,169516,194406740
2025-02-26,3,괜찮아 괜찮아 괜찮아! ,2025-02-26,13737,17131,106792680
2025-02-26,4,이찬원 콘서트 찬가: 디어 마이 찬스,2025-02-26,12708,12708,317663500
2025-02-26,5,"그 시절, 우리가 좋아했던 소녀",2025-02-21,11590,100232,87991100
2025-02-26,6,컴플리트 언노운,2025-02-26,11096,13910,90135160
2025-02-26,7,패딩턴: 페루에 가다!,2025-02-19,7421,66505,53871500
2025-02-26,8,첫 번째 키스,2025-02-26,6199,9528,44466100
2025-02-26,9,백수아파트,2025-02-26,6130,7282,47536800
2025-02-26,10,말할 수 없는 비밀,2025-01-27,6045,806857,47754500
2025-02-27,1,캡틴 아메리카: 브레이브 뉴 월드,2025-02-12,29013,1440725,274935600
2025-02-27,2,퇴마록,2025-02-21,18462,187978,171507500
2025-02-27,3,"그 시절, 우리가 좋아했던 소녀",2025-02-21,11637,111869,103468600
2025-02-27,4,괜찮아 괜찮아 괜찮아! ,2025-02-26,9442,26573,82260200
2025-02-27,5,패딩턴: 페루에 가다!,2025-02-19,5764,72269,47002200
2025-02-27,6,컴플리트 언노운,2025-02-26,5353,19263,51826280
2025-02-27,7,백수아파트,2025-02-26,4940,12222,41560980
2025-02-27,8,말할 수 없는 비밀,2025-01-27,4240,811097,39051000
2025-02-27,9,힘내라 대한민국,2025-02-27,4099,4099,38710660
2025-02-27,10,서브스턴스,2024-12-11,3726,524147,35431700
2025-02-28,1,미키 17,2025-02-28,248047,254393,2451016920
2025-02-28,2,캡틴 아메리카: 브레이브 뉴 월드,2025-02-12,23551,1464276,218997740
2025-02-28,3,퇴마록,2025-02-21,15060,203038,146175860
2025-02-28,4,괜찮아 괜찮아 괜찮아! ,2025-02-26,7269,33842,65493700
2025-02-28,5,"그 시절, 우리가 좋아했던 소녀",2025-02-21,5550,117419,49096400
2025-02-28,6,패딩턴: 페루에 가다!,2025-02-19,5069,77338,43776200
2025-02-28,7,첫 번째 키스,2025-02-26,5016,17644,35871400
2025-02-28,8,힘내라 대한민국,2025-02-27,4676,8775,43931400
2025-02-28,9,이찬원 콘서트 찬가: 디어 마이 찬스,2025-02-26,4349,19654,108705500
2025-02-28,10,컴플리트 언노운,2025-02-26,3691,22954,36938960
2025-03-01,1,미키 17,2025-02-28,356296,610689,3572972670
2025-03-01,2,캡틴 아메리카: 브레이브 뉴 월드,2025-02-12,43731,1508007,419467660
2025-03-01,3,퇴마록,2025-02-21,33721,236759,331755340
2025-03-01,4,괜찮아 괜찮아 괜찮아! ,2025-02-26,11027,44869,100799100
2025-03-01,5,패딩턴: 페루에 가다!,2025-02-19,10543,87881,95930900
2025-03-01,6,"그 시절, 우리가 좋아했던 소녀",2025-02-21,9850,127269,88663900
2025-03-01,7,백수아파트,2025-02-26,5921,20975,54650640
2025-03-01,8,컴플리트 언노운,2025-02-26,5579,28533,56717120
2025-03-01,9,첫 번째 키스,2025-02-26,5427,23071,43430940
2025-03-01,10,힘내라 대한민국,2025-02-27,5047,13822,47238620
2025-03-02,1,미키 17,2025-02-28,376171,986860,3731326330
2025-03-02,2,캡틴 아메리카: 브레이브 뉴 월드,2025-02-12,43604,1551611,416992320
2025-03-02,3,퇴마록,2025-02-21,36529,273288,353616960
2025-03-02,4,괜찮아 괜찮아 괜찮아! ,2025-02-26,11482,56351,106678400
2025-03-02,5,패딩턴: 페루에 가다!,2025-02-19,10139,98020,92891700
2025-03-02,6,"그 시절, 우리가 좋아했던 소녀",2025-02-21,8941,136210,83761700
2025-03-02,7,힘내라 대한민국,2025-02-27,8401,22223,81467560
2025-03-02,8,이찬원 콘서트 찬가: 디어 마이 찬스,2025-02-26,6563,30268,164054000
2025-03-02,9,백수아파트,2025-02-26,6161,27136,57048160
2025-03-02,10,컴플리트 언노운,2025-02-26,5985,34518,61873030
2025-03-03,1,미키 17,2025-02-28,316111,1302971,3098002180
2025-03-03,2,캡틴 아메리카: 브레이브 뉴 월드,2025-02-12,32562,1584173,310750100
2025-03-03,3,퇴마록,2025-02-21,28112,301400,272007180
2025-03-03,4,괜찮아 괜찮아 괜찮아! ,2025-02-26,10794,67145,98232120
2025-03-03,5,힘내라 대한민국,2025-02-27,10781,33004,101425600
2025-03-03,6,패딩턴: 페루에 가다!,2025-02-19,10299,108319,96869900
2025-03-03,7,"그 시절, 우리가 좋아했던 소녀",2025-02-21,8459,144669,76129100
2025-03-03,8,백수아파트,2025-02-26,5648,32784,54667300
2025-03-03,9,컴플리트 언노운,2025-02-26,5483,40001,55362970
2025-03-03,10,영화 이상한 과자 가게 전천당,2025-02-19,4773,48745,40237200
2025-03-04,1,미키 17,2025-02-28,82482,1385453,792920440
2025-03-04,2,퇴마록,2025-02-21,7991,309391,74486380
2025-03-04,3,캡틴 아메리카: 브레이브 뉴 월드,2025-02-12,7212,1591385,66367060
2025-03-04,4,힘내라 대한민국,2025-02-27,4614,37618,40805000
2025-03-04,5,괜찮아 괜찮아 괜찮아! ,2025-02-26,4325,71470,37343100
2025-03-04,6,울프맨,2025-03-05,3020,3020,21140000
2025-03-04,7,컴플리트 언노운,2025-02-26,2039,42040,19319960
2025-03-04,8,첫 번째 키스,2025-02-26,1714,34506,12298420
2025-03-04,9,서브스턴스,2024-12-11,1675,538613,16281100
2025-03-04,10,"그 시절, 우리가 좋아했던 소녀",2025-02-21,1595,146264,14610300
2025-03-05,1,미키 17,2025-02-28,80034,1465487,775100720
2025-03-05,2,콘클라베,2025-03-05,10796,15409,94182880
2025-03-05,3,퇴마록,2025-02-21,8905,318296,84353660
2025-03-05,4,캡틴 아메리카: 브레이브 뉴 월드,2025-02-12,4605,1595990,43123980
2025-03-05,5,힘내라 대한민국,2025-02-27,3915,41533,34703200
2025-03-05,6,괜찮아 괜찮아 괜찮아! ,2025-02-26,2778,74248,24158200
2025-03-05,7,보더랜드,2025-03-05,2371,2371,15550600
2025-03-05,8,첫 번째 키스,2025-02-26,1889,36395,11696800
2025-03-05,9,서브스턴스,2024-12-11,1810,540423,17822500
2025-03-05,10,"그 시절, 우리가 좋아했던 소녀",2025-02-21,1807,148071,15780300
2025-03-06,1,미키 17,2025-02-28,70861,1536348,684493000
2025-03-06,2,콘클라베,2025-03-05,8417,23826,74798900
2025-03-06,3,퇴마록,2025-02-21,7502,325798,70961040
2025-03-06,4,캡틴 아메리카: 브레이브 뉴 월드,2025-02-12,4619,1600609,44141440
2025-03-06,5,힘내라 대한민국,2025-02-27,4549,46082,38409000
2025-03-06,6,괜찮아 괜찮아 괜찮아! ,2025-02-26,3737,77985,31690300
2025-03-06,7,서브스턴스,2024-12-11,1856,542279,17824560
2025-03-06,8,컴플리트 언노운,2025-02-26,1764,45518,16666470
2025-03-06,9,첫 번째 키스,2025-02-26,1687,38082,10621400
2025-03-06,10,브루탈리스트,2025-02-12,1358,72639,12732700
2025-03-07,1,미키 17,2025-02-28,109850,1646198,1099961710
2025-03-07,2,플레이브 '대쉬' 인 시네마, ,22656,22656,22656000
2025-03-07,3,퇴마록,2025-02-21,13012,338810,130675800
2025-03-07,4,콘클라베,2025-03-05,10527,34353,98371460
2025-03-07,5,캡틴 아메리카: 브레이브 뉴 월드,2025-02-12,6052,1606661,58114800
2025-03-07,6,괜찮아 괜찮아 괜찮아! ,2025-02-26,4220,82205,37114400
2025-03-07,7,힘내라 대한민국,2025-02-27,3121,49203,28649000
2025-03-07,8,양들의 침묵,1991-06-22,2181,6848,21293700
2025-03-07,9,아노라,2024-11-06,2076,59970,21159500
2025-03-07,10,서브스턴스,2024-12-11,2021,544300,20309800
2025-03-08,1,미키 17,2025-02-28,252874,1899072,2522271420
2025-03-08,2,퇴마록,2025-02-21,25953,364763,256491960
2025-03-08,3,콘클라베,2025-03-05,21385,55738,206116640
2025-03-08,4,캡틴 아메리카: 브레이브 뉴 월드,2025-02-12,14524,1621185,141673000
2025-03-08,5,괜찮아 괜찮아 괜찮아! ,2025-02-26,10993,93198,107548900
2025-03-08,6,플레이브 '대쉬' 인 시네마, ,7076,29732,7076000
2025-03-08,7,패딩턴: 페루에 가다!,2025-02-19,4407,114769,41816500
2025-03-08,8,힘내라 대한민국,2025-02-27,4293,53496,40162900
2025-03-08,9,"그 시절, 우리가 좋아했던 소녀",2025-02-21,3921,154256,38357100
2025-03-08,10,이찬원 콘서트 찬가: 디어 마이 찬스,2025-02-26,3559,40040,88949500
2025-03-09,1,미키 17,2025-02-28,199475,2098547,1983968070
2025-03-09,2,퇴마록,2025-02-21,20166,384929,199090660
2025-03-09,3,콘클라베,2025-03-05,19354,75092,186729200
2025-03-09,4,캡틴 아메리카: 브레이브 뉴 월드,2025-02-12,11757,1632942,113961240
2025-03-09,5,괜찮아 괜찮아 괜찮아! ,2025-02-26,7394,100592,67794200
2025-03-09,6,힘내라 대한민국,2025-02-27,4966,58462,47030800
2025-03-09,7,"그 시절, 우리가 좋아했던 소녀",2025-02-21,4623,158879,45839500
2025-03-09,8,패딩턴: 페루에 가다!,2025-02-19,4288,119057,40895500
2025-03-09,9,아노라,2024-11-06,3068,66431,31150100
2025-03-09,10,플레이브 '대쉬' 인 시네마, ,2970,32702,2970000
2025-03-10,1,미키 17,2025-02-28,52077,2150624,503143910
2025-03-10,2,콘클라베,2025-03-05,7072,82164,65229660
2025-03-10,3,퇴마록,2025-02-21,5522,390451,52979500
2025-03-10,4,캡틴 아메리카: 브레이브 뉴 월드,2025-02-12,2981,1635923,28383940
2025-03-10,5,괜찮아 괜찮아 괜찮아! ,2025-02-26,2354,102946,20203200
2025-03-10,6,힘내라 대한민국,2025-02-27,2256,60718,20016300
2025-03-10,7,아노라,2024-11-06,1262,67693,12178860
2025-03-10,8,서브스턴스,2024-12-11,1142,551031,11480400
2025-03-10,9,컴플리트 언노운,2025-02-26,1081,53017,10409570
2025-03-10,10,첫 번째 키스,2025-02-26,1054,43880,7799700
2025-03-11,1,미키 17,2025-02-28,45725,2196349,440905700
2025-03-11,2,콘클라베,2025-03-05,7254,89418,65821520
2025-03-11,3,퇴마록,2025-02-21,4799,395250,46707100
2025-03-11,4,캡틴 아메리카: 브레이브 뉴 월드,2025-02-12,2522,1638445,23927020
2025-03-11,5,괜찮아 괜찮아 괜찮아! ,2025-02-26,2114,105060,18039600
2025-03-11,6,힘내라 대한민국,2025-02-27,2096,62814,18240200
2025-03-11,7,아노라,2024-11-06,1299,68992,12306500
2025-03-11,8,서브스턴스,2024-12-11,1183,552214,11694600
2025-03-11,9,컴플리트 언노운,2025-02-26,1066,54083,10474890
2025-03-11,10,첫 번째 키스,2025-02-26,955,44835,6828100
2025-03-12,1,미키 17,2025-02-28,44646,2240995,427912230
2025-03-12,2,침범,2025-03-12,10513,14868,91213600
2025-03-12,3,위플래쉬,2015-03-12,10212,1658297,96625980
2025-03-12,4,노보케인,2025-03-12,7200,7907,61358300
2025-03-12,5,콘클라베,2025-03-05,6306,95724,58630700
2025-03-12,6,에밀리아 페레즈,2025-03-12,4489,8841,33983700
2025-03-12,7,퇴마록,2025-02-21,4198,399448,39856200
2025-03-12,8,화이트 버드,2025-03-12,3326,4674,20411700
2025-03-12,9,첫 번째 키스,2025-02-26,1541,46376,9696100
2025-03-12,10,제로베이스원 더 퍼스트 투어 [타임리스 월드] 인 시네마,2025-03-12,1445,1445,36125000
2025-03-13,1,미키 17,2025-02-28,40258,2281253,390468530
2025-03-13,2,극장판 진격의 거인 완결편 더 라스트 어택,2025-03-13,37674,39511,353632960
2025-03-13,3,침범,2025-03-12,7213,22081,62905400
2025-03-13,4,위플래쉬,2015-03-12,5929,1664226,57132560
2025-03-13,5,콘클라베,2025-03-05,5311,101035,48769080
2025-03-13,6,퇴마록,2025-02-21,4499,403947,42588980
2025-03-13,7,노보케인,2025-03-12,3881,11788,33313400
2025-03-13,8,에밀리아 페레즈,2025-03-12,2500,11341,19304400
2025-03-13,9,화이트 버드,2025-03-12,1649,6323,10735900
2025-03-13,10,힘내라 대한민국,2025-02-27,1568,65494,13670200
2025-03-14,1,미키 17,2025-02-28,62114,2343367,624441600
2025-03-14,2,극장판 진격의 거인 완결편 더 라스트 어택,2025-03-13,33762,73273,339866320
2025-03-14,3,콘클라베,2025-03-05,7948,108983,77966220
2025-03-14,4,퇴마록,2025-02-21,7766,411713,74910700
2025-03-14,5,침범,2025-03-12,7738,29819,72461800
2025-03-14,6,위플래쉬,2015-03-12,6953,1671179,69880800
2025-03-14,7,노보케인,2025-03-12,4054,15842,36936200
2025-03-14,8,에밀리아 페레즈,2025-03-12,3591,14932,29134900
2025-03-14,9,이찬원 콘서트 찬가: 디어 마이 찬스,2025-02-26,2527,47690,57450000
2025-03-14,10,"초혼, 다시 부르는 노래",2025-03-19,1962,4888,19620000
2025-03-15,1,미키 17,2025-02-28,144031,2487398,1438909740
2025-03-15,2,극장판 진격의 거인 완결편 더 라스트 어택,2025-03-13,66960,140233,659882440
2025-03-15,3,콘클라베,2025-03-05,18023,127006,178973400
2025-03-15,4,퇴마록,2025-02-21,15284,426997,151849020
2025-03-15,5,침범,2025-03-12,13821,43640,131005600
2025-03-15,6,위플래쉬,2015-03-12,12351,1683530,126479220
2025-03-15,7,200% 울프: 최강 푸들이 될 거야!,2025-03-12,4522,6617,35448000
2025-03-15,8,노보케인,2025-03-12,4509,20351,43268800
2025-03-15,9,캡틴 아메리카: 브레이브 뉴 월드,2025-02-12,3923,1646933,38911520
2025-03-15,10,에밀리아 페레즈,2025-03-12,3125,18057,25486500
2025-03-16,1,미키 17,2025-02-28,117416,2604814,1164584280
2025-03-16,2,극장판 진격의 거인 완결편 더 라스트 어택,2025-03-13,61358,201591,604138540
2025-03-16,3,콘클라베,2025-03-05,17145,144151,169109320
2025-03-16,4,퇴마록,2025-02-21,13014,440011,127542500
2025-03-16,5,침범,2025-03-12,11927,55567,112332100
2025-03-16,6,위플래쉬,2015-03-12,11733,1695263,120429160
2025-03-16,7,200% 울프: 최강 푸들이 될 거야!,2025-03-12,5536,12153,44550100
2025-03-16,8,노보케인,2025-03-12,3659,24010,35311700
2025-03-16,9,캡틴 아메리카: 브레이브 뉴 월드,2025-02-12,3650,1650583,35665500
2025-03-16,10,에밀리아 페레즈,2025-03-12,2546,20603,21141000
2025-03-17,1,미키 17,2025-02-28,29542,2634356,286758880
2025-03-17,2,극장판 진격의 거인 완결편 더 라스트 어택,2025-03-13,19414,221005,192069640
2025-03-17,3,콘클라베,2025-03-05,6107,150258,56459020
2025-03-17,4,침범,2025-03-12,4230,59797,37372500
2025-03-17,5,퇴마록,2025-02-21,3683,443694,35556300
2025-03-17,6,위플래쉬,2015-03-12,3588,1698851,35430700
2025-03-17,7,스트리밍,2025-03-21,2178,2178,20143000
2025-03-17,8,노보케인,2025-03-12,1766,25776,16094700
2025-03-17,9,에밀리아 페레즈,2025-03-12,1483,22086,11023300
2025-03-17,10,캡틴 아메리카: 브레이브 뉴 월드,2025-02-12,983,1651566,9445100
2025-03-18,1,미키 17,2025-02-28,27300,2661656,264226660
2025-03-18,2,극장판 진격의 거인 완결편 더 라스트 어택,2025-03-13,17132,238137,169701120
2025-03-18,3,침범,2025-03-12,6260,66057,53524300
2025-03-18,4,콘클라베,2025-03-05,6203,156461,57443060
2025-03-18,5,위플래쉬,2015-03-12,3657,1702508,35708400
2025-03-18,6,퇴마록,2025-02-21,3452,447146,32630000
2025-03-18,7,에밀리아 페레즈,2025-03-12,2641,24727,19354700
2025-03-18,8,노보케인,2025-03-12,2122,27898,18550100
2025-03-18,9,캡틴 아메리카: 브레이브 뉴 월드,2025-02-12,1092,1652658,10353420
2025-03-18,10,화이트 버드,2025-03-12,817,13570,6637700
2025-03-19,1,미키 17,2025-02-28,23123,2684779,215503760
2025-03-19,2,백설공주,2025-03-19,23047,23761,214310600
2025-03-19,3,극장판 진격의 거인 완결편 더 라스트 어택,2025-03-13,16530,254667,163049420
2025-03-19,4,고독한 미식가 더 무비,2025-03-19,10235,14831,90416840
2025-03-19,5,플로우,2025-03-19,8127,14622,74713400
2025-03-19,6,악령: 깨어난 시체,2025-03-19,7730,8050,88120000
2025-03-19,7,콘클라베,2025-03-05,5128,161589,47144700
2025-03-19,8,승부,2025-03-26,3428,3675,30852000
2025-03-19,9,퇴마록,2025-02-21,3161,450307,25276600
2025-03-19,10,케이온,2013-06-13,2948,5263,28491200
2025-03-20,1,미키 17,2025-02-28,21414,2706193,201208820
2025-03-20,2,극장판 진격의 거인 완결편 더 라스트 어택,2025-03-13,18523,273190,179679680
2025-03-20,3,백설공주,2025-03-19,11598,35359,109988350
2025-03-20,4,고독한 미식가 더 무비,2025-03-19,7061,21892,61700000
2025-03-20,5,콘클라베,2025-03-05,5120,166709,47545400
2025-03-20,6,플로우,2025-03-19,4278,18900,39090660
2025-03-20,7,악령: 깨어난 시체,2025-03-19,4188,12238,48241900
2025-03-20,8,퇴마록,2025-02-21,3153,453460,24954500
2025-03-20,9,침범,2025-03-12,2732,70924,22927600
2025-03-20,10,3일, ,2230,5184,2230000
2025-03-21,1,스트리밍,2025-03-21,31524,33702,307271400
2025-03-21,2,미키 17,2025-02-28,28881,2735074,278635220
2025-03-21,3,극장판 진격의 거인 완결편 더 라스트 어택,2025-03-13,24413,297603,254914300
2025-03-21,4,백설공주,2025-03-19,13649,49008,134250850
2025-03-21,5,고독한 미식가 더 무비,2025-03-19,7893,29785,72689000
2025-03-21,6,콘클라베,2025-03-05,5884,172593,57723400
2025-03-21,7,플로우,2025-03-19,5044,23944,50783800
2025-03-21,8,퇴마록,2025-02-21,4095,457555,35120500
2025-03-21,9,악령: 깨어난 시체,2025-03-19,3006,15244,35343800
2025-03-21,10,침범,2025-03-12,1989,72913,17145500
2025-03-22,1,미키 17,2025-02-28,62906,2797980,615001560
2025-03-22,2,극장판 진격의 거인 완결편 더 라스트 어택,2025-03-13,53968,351571,532595180
2025-03-22,3,백설공주,2025-03-19,44280,93288,429428490
2025-03-22,4,스트리밍,2025-03-21,26771,60473,263108900
2025-03-22,5,플로우,2025-03-19,16880,40824,163135120
2025-03-22,6,고독한 미식가 더 무비,2025-03-19,13618,43403,129428200
2025-03-22,7,콘클라베,2025-03-05,12055,184648,119430180
2025-03-22,8,퇴마록,2025-02-21,9122,466677,74753500
2025-03-22,9,악령: 깨어난 시체,2025-03-19,6648,21892,80381800
2025-03-22,10,위플래쉬,2015-03-12,4508,1713360,46737400
2025-03-23,1,미키 17,2025-02-28,48372,2846352,468399920
2025-03-23,2,극장판 진격의 거인 완결편 더 라스트 어택,2025-03-13,43462,395033,435616900
2025-03-23,3,백설공주,2025-03-19,34768,128056,332675590
2025-03-23,4,스트리밍,2025-03-21,18278,78751,179842200
2025-03-23,5,플로우,2025-03-19,18118,58942,177222340
2025-03-23,6,고독한 미식가 더 무비,2025-03-19,11110,54513,104424520
2025-03-23,7,콘클라베,2025-03-05,9889,194537,97643000
2025-03-23,8,퇴마록,2025-02-21,9120,475797,75389600
2025-03-23,9,악령: 깨어난 시체,2025-03-19,7206,29098,88397300
2025-03-23,10,위플래쉬,2015-03-12,4236,1717596,46962200
2025-03-24,1,극장판 진격의 거인 완결편 더 라스트 어택,2025-03-13,13772,408805,139602800
2025-03-24,2,미키 17,2025-02-28,13593,2859945,127941880
2025-03-24,3,스트리밍,2025-03-21,6763,85514,63353700
2025-03-24,4,백설공주,2025-03-19,5198,133254,50942790
2025-03-24,5,콘클라베,2025-03-05,4000,198537,37501800
2025-03-24,6,플로우,2025-03-19,3577,62519,33585700
2025-03-24,7,고독한 미식가 더 무비,2025-03-19,3462,57975,31438720
2025-03-24,8,퇴마록,2025-02-21,2332,478129,18494300
2025-03-24,9,악령: 깨어난 시체,2025-03-19,1965,31063,23357100
2025-03-24,10,컴패니언,2025-03-19,1286,14680,12148900
2025-03-25,1,미키 17,2025-02-28,12235,2872180,115377280
2025-03-25,2,극장판 진격의 거인 완결편 더 라스트 어택,2025-03-13,12135,420940,123305440
2025-03-25,3,스트리밍,2025-03-21,5587,91101,50744400
2025-03-25,4,백설공주,2025-03-19,5176,138430,47550190
2025-03-25,5,고독한 미식가 더 무비,2025-03-19,3655,61630,33142400
2025-03-25,6,플로우,2025-03-19,3518,66037,32413900
2025-03-25,7,콘클라베,2025-03-05,3426,201963,32295300
2025-03-25,8,퇴마록,2025-02-21,2358,480487,18670900
2025-03-25,9,악령: 깨어난 시체,2025-03-19,1898,32961,18474400
2025-03-25,10,로비,2025-04-02,1735,1735,16716000
2025-03-26,1,승부,2025-03-26,91471,95646,709145480
2025-03-26,2,미키 17,2025-02-28,17267,2889447,132047840
2025-03-26,3,극장판 진격의 거인 완결편 더 라스트 어택,2025-03-13,15151,436091,130100200
2025-03-26,4,콘클라베,2025-03-05,5794,207757,44702100
2025-03-26,5,플로우,2025-03-19,5283,71320,41456260
2025-03-26,6,라스트 마일,2025-03-26,4031,6483,31243200
2025-03-26,7,고독한 미식가 더 무비,2025-03-19,3651,65281,28881900
2025-03-26,8,백설공주,2025-03-19,3409,141839,25356270
2025-03-26,9,스트리밍,2025-03-21,2929,94030,23626700
2025-03-26,10,케이온,2013-06-13,2587,17687,16191700
2025-03-27,1,승부,2025-03-26,60940,156586,556885220
2025-03-27,2,극장판 진격의 거인 완결편 더 라스트 어택,2025-03-13,14863,450954,147510060
2025-03-27,3,미키 17,2025-02-28,8985,2898432,84798420
2025-03-27,4,플로우,2025-03-19,3440,74760,35592200
2025-03-27,5,콘클라베,2025-03-05,3172,210929,29577800
2025-03-27,6,고독한 미식가 더 무비,2025-03-19,2373,67654,21309360
2025-03-27,7,스트리밍,2025-03-21,2249,96279,20902600
2025-03-27,8,라스트 마일,2025-03-26,1800,8283,15859500
2025-03-27,9,백설공주,2025-03-19,1733,143572,15479500
2025-03-27,10,침범,2025-03-12,1310,83767,11161200
2025-03-28,1,승부,2025-03-26,92327,248913,877935540
2025-03-28,2,극장판 진격의 거인 완결편 더 라스트 어택,2025-03-13,17450,468404,186388780
2025-03-28,3,미키 17,2025-02-28,12590,2911022,123977280
2025-03-28,4,라스트 마일,2025-03-26,4514,12797,39790900
2025-03-28,5,콘클라베,2025-03-05,4382,215311,42825160
2025-03-28,6,플로우,2025-03-19,3976,78736,39795100
2025-03-28,7,백설공주,2025-03-19,3216,146788,27538000
2025-03-28,8,고독한 미식가 더 무비,2025-03-19,2759,70413,26376500
2025-03-28,9,퇴마록,2025-02-21,1675,484521,13282800
2025-03-28,10,스트리밍,2025-03-21,1654,97933,15973300
2025-03-29,1,승부,2025-03-26,234094,483007,2244587080
2025-03-29,2,극장판 진격의 거인 완결편 더 라스트 어택,2025-03-13,39176,507580,389962740
2025-03-29,3,미키 17,2025-02-28,27011,2938033,263254440
2025-03-29,4,플로우,2025-03-19,15677,94413,150971920
2025-03-29,5,백설공주,2025-03-19,13209,159997,119043400
2025-03-29,6,콘클라베,2025-03-05,8592,223903,84902400
2025-03-29,7,라스트 마일,2025-03-26,5565,18362,43299660
2025-03-29,8,고독한 미식가 더 무비,2025-03-19,4784,75197,46509540
2025-03-29,9,퇴마록,2025-02-21,3298,487819,26257200
2025-03-29,10,기동전사 건담 지쿠악스 비기닝,2025-04-02,3180,3180,32783700
2025-03-30,1,승부,2025-03-26,217830,700837,2080352500
2025-03-30,2,극장판 진격의 거인 완결편 더 라스트 어택,2025-03-13,32345,539925,326373940
2025-03-30,3,미키 17,2025-02-28,21339,2959372,207446300
2025-03-30,4,플로우,2025-03-19,15417,109830,147158400
2025-03-30,5,백설공주,2025-03-19,12793,172790,115560980
2025-03-30,6,콘클라베,2025-03-05,6864,230767,66864800
2025-03-30,7,고독한 미식가 더 무비,2025-03-19,4137,79334,39359000
2025-03-30,8,라스트 마일,2025-03-26,3715,22077,30598520
2025-03-30,9,퇴마록,2025-02-21,2585,490404,20434400
2025-03-30,10,기동전사 건담 지쿠악스 비기닝,2025-04-02,2281,5461,23688520
2025-03-31,1,승부,2025-03-26,68400,769237,618932060
2025-03-31,2,극장판 진격의 거인 완결편 더 라스트 어택,2025-03-13,10981,550906,112987600
2025-03-31,3,미키 17,2025-02-28,7452,2966824,67575520
2025-03-31,4,콘클라베,2025-03-05,3385,234152,30964800
2025-03-31,5,로비,2025-04-02,2678,4617,24102000
2025-03-31,6,플로우,2025-03-19,2635,112465,23845460
2025-03-31,7,라스트 마일,2025-03-26,1990,24067,14513000
2025-03-31,8,백설공주,2025-03-19,1645,174435,14100680
2025-03-31,9,고독한 미식가 더 무비,2025-03-19,1604,80938,14442800
2025-03-31,10,프랑켄슈타인 아버지,2025-04-02,1123,1686,10392000
2025-04-01,1,승부,2025-03-26,57728,826965,526394860
2025-04-01,2,브리짓 존스의 일기: 뉴 챕터,2025-04-16,11147,11653,100323000
2025-04-01,3,극장판 진격의 거인 완결편 더 라스트 어택,2025-03-13,9901,560807,102341460
2025-04-01,4,미키 17,2025-02-28,5370,2972194,49488400
2025-04-01,5,콘클라베,2025-03-05,2671,236823,24908560
2025-04-01,6,플로우,2025-03-19,1985,114450,18198600
2025-04-01,7,라스트 마일,2025-03-26,1847,25914,13500600
2025-04-01,8,백설공주,2025-03-19,1617,176052,13563580
2025-04-01,9,고독한 미식가 더 무비,2025-03-19,1350,82288,12479000
2025-04-01,10,스윙걸즈,2006-03-23,1030,64442,7600000
2025-04-02,1,승부,2025-03-26,50781,877746,460053720
2025-04-02,2,로비,2025-04-02,37163,41780,337526720
2025-04-02,3,극장판 진격의 거인 완결편 더 라스트 어택,2025-03-13,9497,570304,97479620
2025-04-02,4,헤레틱,2025-04-02,5539,6129,36915200
2025-04-02,5,미키 17,2025-02-28,3700,2975894,34838520
2025-04-02,6,기동전사 건담 지쿠악스 비기닝,2025-04-02,3325,8786,33936300
2025-04-02,7,세븐틴 [라잇 히어] 월드 투어 인 시네마,2025-04-02,3166,3292,84434000
2025-04-02,8,콘클라베,2025-03-05,2097,238920,19144500
2025-04-02,9,공포특급,2025-04-02,2041,2293,15662000
2025-04-02,10,플로우,2025-03-19,1859,116309,16848620
2025-04-03,1,승부,2025-03-26,46936,924682,429846240
2025-04-03,2,로비,2025-04-02,22023,63803,200345100
2025-04-03,3,극장판 진격의 거인 완결편 더 라스트 어택,2025-03-13,11058,581362,110378680
2025-04-03,4,목소리들,2025-04-02,8084,8772,75719300
2025-04-03,5,헤레틱,2025-04-02,3366,9495,24847400
2025-04-03,6,미키 17,2025-02-28,3339,2979233,31548940
2025-04-03,7,플로우,2025-03-19,2224,118533,24045200
2025-04-03,8,콘클라베,2025-03-05,2133,241053,19713500
2025-04-03,9,라스트 마일,2025-03-26,1879,29524,14634000
2025-04-03,10,스윙걸즈,2006-03-23,1872,67133,12824600
2025-04-04,1,승부,2025-03-26,68484,993166,648835080
2025-04-04,2,로비,2025-04-02,21900,85703,209177280
2025-04-04,3,극장판 진격의 거인 완결편 더 라스트 어택,2025-03-13,13054,594416,140462480
2025-04-04,4,미스터 로봇,2025-04-04,5113,6554,41861300
2025-04-04,5,미키 17,2025-02-28,4222,2983455,41900900
2025-04-04,6,헤레틱,2025-04-02,3667,13162,29049000
2025-04-04,7,라스트 마일,2025-03-26,2608,32132,25161300
2025-04-04,8,콘클라베,2025-03-05,2361,243414,22890000
2025-04-04,9,플로우,2025-03-19,1806,120339,17616100
2025-04-04,10,세븐틴 [라잇 히어] 월드 투어 인 시네마,2025-04-02,1666,6419,44280000
2025-04-05,1,승부,2025-03-26,208378,1201544,1976377950
2025-04-05,2,로비,2025-04-02,46948,132651,455725680
2025-04-05,3,극장판 진격의 거인 완결편 더 라스트 어택,2025-03-13,26127,620543,266885640
2025-04-05,4,플로우,2025-03-19,10364,130703,99394820
2025-04-05,5,미키 17,2025-02-28,8985,2992440,89910830
2025-04-05,6,헤레틱,2025-04-02,6933,20095,60031400
2025-04-05,7,콘클라베,2025-03-05,5925,249339,60778660
2025-04-05,8,미스터 로봇,2025-04-04,5107,11661,43885500
2025-04-05,9,세븐틴 [라잇 히어] 월드 투어 인 시네마,2025-04-02,4466,10885,118373000
2025-04-05,10,백설공주,2025-03-19,4459,182874,40144300
2025-04-06,1,승부,2025-03-26,150716,1352260,1438623750
2025-04-06,2,로비,2025-04-02,32702,165353,319741720
2025-04-06,3,극장판 진격의 거인 완결편 더 라스트 어택,2025-03-13,21570,642113,220883380
2025-04-06,4,플로우,2025-03-19,7818,138521,74025000
2025-04-06,5,미키 17,2025-02-28,5960,2998400,59358700
2025-04-06,6,헤레틱,2025-04-02,4645,24740,41124600
2025-04-06,7,콘클라베,2025-03-05,4241,253580,42807800
2025-04-06,8,미스터 로봇,2025-04-04,3852,15513,33389900
2025-04-06,9,세븐틴 [라잇 히어] 월드 투어 인 시네마,2025-04-02,3843,14728,106849500
2025-04-06,10,백설공주,2025-03-19,3601,186475,32985700
2025-04-07,1,승부,2025-03-26,41630,1393890,380634720
2025-04-07,2,로비,2025-04-02,10277,175630,93141000
2025-04-07,3,극장판 진격의 거인 완결편 더 라스트 어택,2025-03-13,7646,649759,81569920
2025-04-07,4,미키 17,2025-02-28,2220,3000620,21787980
2025-04-07,5,콘클라베,2025-03-05,1819,255399,16642000
2025-04-07,6,헤레틱,2025-04-02,1468,26208,13052900
2025-04-07,7,야당,2025-04-16,1223,1502,13299000
2025-04-07,8,플로우,2025-03-19,1121,139642,10446800
2025-04-07,9,미스터 로봇,2025-04-04,990,16503,8192200
2025-04-07,10,라스트 마일,2025-03-26,982,39461,8605900
2025-04-08,1,승부,2025-03-26,36753,1430643,332630180
2025-04-08,2,로비,2025-04-02,11902,187532,105351020
2025-04-08,3,극장판 진격의 거인 완결편 더 라스트 어택,2025-03-13,6789,656548,73113100
2025-04-08,4,야당,2025-04-16,6025,7527,54225000
2025-04-08,5,미키 17,2025-02-28,1875,3002495,18078700
2025-04-08,6,헤레틱,2025-04-02,1823,28031,13949100
2025-04-08,7,콘클라베,2025-03-05,1663,257062,15269900
2025-04-08,8,공포특급,2025-04-02,1508,12420,9995300
2025-04-08,9,플로우,2025-03-19,1109,140751,10049800
2025-04-08,10,미스터 로봇,2025-04-04,1064,17567,8865300
2025-04-09,1,승부,2025-03-26,36183,1466826,330363060
2025-04-09,2,아마추어,2025-04-09,15899,16393,142061840
2025-04-09,3,로비,2025-04-02,7320,194852,67409500
2025-04-09,4,극장판 진격의 거인 완결편 더 라스트 어택,2025-03-13,6581,663129,70372800
2025-04-09,5,너의 췌장을 먹고 싶어,2017-10-25,6430,475250,42214600
2025-04-09,6,베러맨,2025-04-09,6336,10413,45214300
2025-04-09,7,야당,2025-04-16,5007,12534,45063000
2025-04-09,8,택시 드라이버,1989-02-17,2006,2014,17765300
2025-04-09,9,라스트 마일,2025-03-26,1747,42253,10781900
2025-04-09,10,헤레틱,2025-04-02,1369,29400,9294200
2025-04-10,1,승부,2025-03-26,35381,1502207,320818960
2025-04-10,2,아마추어,2025-04-09,10034,26427,90778070
2025-04-10,3,극장판 진격의 거인 완결편 더 라스트 어택,2025-03-13,8048,671177,79317960
2025-04-10,4,로비,2025-04-02,6787,201639,62222520
2025-04-10,5,야당,2025-04-16,3994,16528,35946000
2025-04-10,6,베러맨,2025-04-09,3143,13556,23705000
2025-04-10,7,기동전사 건담 지쿠악스 비기닝,2025-04-02,2905,23713,26921560
2025-04-10,8,너의 췌장을 먹고 싶어,2017-10-25,2662,477912,20640800
2025-04-10,9,미스터 로봇,2025-04-04,2058,20824,16638000
2025-04-10,10,콘클라베,2025-03-05,1224,259491,11559600
2025-04-11,1,승부,2025-03-26,53729,1555936,504689360
2025-04-11,2,아마추어,2025-04-09,10086,36513,94287220
2025-04-11,3,극장판 진격의 거인 완결편 더 라스트 어택,2025-03-13,8808,679985,96013340
2025-04-11,4,로비,2025-04-02,8085,209724,77622900
2025-04-11,5,드라이브 인 타이페이,2025-04-11,5079,5223,44063500
2025-04-11,6,너의 췌장을 먹고 싶어,2017-10-25,3214,481126,27631700
2025-04-11,7,베러맨,2025-04-09,2841,16397,23694900
2025-04-11,8,콘클라베,2025-03-05,1513,261004,14648900
2025-04-11,9,기동전사 건담 지쿠악스 비기닝,2025-04-02,1508,25221,15178760
2025-04-11,10,라스트 마일,2025-03-26,1437,44623,11925600
2025-04-12,1,승부,2025-03-26,135937,1691873,1305190400
2025-04-12,2,아마추어,2025-04-09,20749,57262,201743000
2025-04-12,3,로비,2025-04-02,17805,227529,179598100
2025-04-12,4,극장판 진격의 거인 완결편 더 라스트 어택,2025-03-13,15739,695724,163546340
2025-04-12,5,너의 췌장을 먹고 싶어,2017-10-25,6386,487512,54454100
2025-04-12,6,백설공주와 일곱난쟁이,2025-04-10,6331,7805,55388000
2025-04-12,7,플로우,2025-03-19,5633,149946,56069900
2025-04-12,8,드라이브 인 타이페이,2025-04-11,4273,9496,39873900
2025-04-12,9,베러맨,2025-04-09,3554,19951,30388400
2025-04-12,10,출동! 왕엉덩이 히어로: 털복숭이 꼬리도적단 소탕작전,2025-04-12,3164,3652,25053700
2025-04-13,1,승부,2025-03-26,116778,1808651,1121212900
2025-04-13,2,아마추어,2025-04-09,17163,74425,167100830
2025-04-13,3,로비,2025-04-02,15665,243194,156680500
2025-04-13,4,극장판 진격의 거인 완결편 더 라스트 어택,2025-03-13,13788,709512,143181340
2025-04-13,5,백설공주와 일곱난쟁이,2025-04-10,7212,15017,63570020
2025-04-13,6,플로우,2025-03-19,6078,156024,59283280
2025-04-13,7,너의 췌장을 먹고 싶어,2017-10-25,5083,492595,45950200
2025-04-13,8,출동! 왕엉덩이 히어로: 털복숭이 꼬리도적단 소탕작전,2025-04-12,4352,8004,36147000
2025-04-13,9,드라이브 인 타이페이,2025-04-11,3339,12835,30693700
2025-04-13,10,콘클라베,2025-03-05,2896,266939,28252140
2025-04-14,1,승부,2025-03-26,33277,1841928,307870480
2025-04-14,2,아마추어,2025-04-09,5892,80317,55356370
2025-04-14,3,극장판 진격의 거인 완결편 더 라스트 어택,2025-03-13,5315,714827,57338180
2025-04-14,4,로비,2025-04-02,5018,248212,46097000
2025-04-14,5,드라이브 인 타이페이,2025-04-11,1310,14145,11330400
2025-04-14,6,너의 췌장을 먹고 싶어,2017-10-25,1224,493819,11358300
2025-04-14,7,베러맨,2025-04-09,1221,23908,10348900
2025-04-14,8,콘클라베,2025-03-05,1044,267983,9575600
2025-04-14,9,하보우만의 약속,2025-04-16,1017,2422,9153000
2025-04-14,10,라스트 마일,2025-03-26,812,49141,5029100
2025-04-15,1,승부,2025-03-26,25332,1867260,232607120
2025-04-15,2,아마추어,2025-04-09,4805,85122,44341960
2025-04-15,3,극장판 진격의 거인 완결편 더 라스트 어택,2025-03-13,4796,719623,52163400
2025-04-15,4,로비,2025-04-02,4079,252291,36750800
2025-04-15,5,드롭,2025-04-23,2919,2919,20433000
2025-04-15,6,야당,2025-04-16,2315,18843,22969000
2025-04-15,7,베러맨,2025-04-09,2069,25977,15830900
2025-04-15,8,너의 췌장을 먹고 싶어,2017-10-25,1499,495318,12032500
2025-04-15,9,콘클라베,2025-03-05,1133,269116,10551000
2025-04-15,10,드라이브 인 타이페이,2025-04-11,1131,15276,9748800
2025-04-16,1,야당,2025-04-16,85705,104548,783916840
2025-04-16,2,승부,2025-03-26,13667,1880927,125569200
2025-04-16,3,극장판 진격의 거인 완결편 더 라스트 어택,2025-03-13,3943,723566,43273000
2025-04-16,4,브리짓 존스의 일기: 뉴 챕터,2025-04-16,3169,15176,28605300
2025-04-16,5,마리아,2025-04-16,2933,5552,24496160
2025-04-16,6,너의 췌장을 먹고 싶어,2017-10-25,2153,497471,14209400
2025-04-16,7,열혈검사,2025-04-16,1856,2064,11513800
2025-04-16,8,사유리,2025-04-16,1811,2553,15054100
2025-04-16,9,부전시장,2025-03-27,1611,5842,16226500
2025-04-16,10,택시 드라이버,1989-02-17,1240,7788,9905700
2025-04-17,1,야당,2025-04-16,73742,178290,677517400
2025-04-17,2,승부,2025-03-26,13341,1894268,120313840
2025-04-17,3,극장판 진격의 거인 완결편 더 라스트 어택,2025-03-13,6323,729889,63726440
2025-04-17,4,브리짓 존스의 일기: 뉴 챕터,2025-04-16,2754,17930,24635500
2025-04-17,5,마리아,2025-04-16,1725,7277,14459300
2025-04-17,6,열혈검사,2025-04-16,1494,3558,9350000
2025-04-17,7,로비,2025-04-02,1052,254563,7631300
2025-04-17,8,사유리,2025-04-16,1051,3604,9455600
2025-04-17,9,드라이브 인 타이페이,2025-04-11,952,16663,7851500
2025-04-17,10,너의 췌장을 먹고 싶어,2017-10-25,932,498403,6772300
2025-04-18,1,야당,2025-04-16,107265,285555,1022779260
2025-04-18,2,승부,2025-03-26,20649,1914917,193162100
2025-04-18,3,극장판 진격의 거인 완결편 더 라스트 어택,2025-03-13,5432,735321,61629400
2025-04-18,4,브리짓 존스의 일기: 뉴 챕터,2025-04-16,3404,21334,31537860
2025-04-18,5,마리아,2025-04-16,1955,9232,16801400
2025-04-18,6,열혈검사,2025-04-16,1866,5424,11670900
2025-04-18,7,플로우,2025-03-19,1619,160261,19723200
2025-04-18,8,너의 췌장을 먹고 싶어,2017-10-25,1380,499783,10834400
2025-04-18,9,아마추어,2025-04-09,1375,88372,13209960
2025-04-18,10,사유리,2025-04-16,1338,4942,12613300
2025-04-19,1,야당,2025-04-16,263212,548767,2535508320
2025-04-19,2,승부,2025-03-26,48171,1963088,458308280
2025-04-19,3,A MINECRAFT MOVIE 마인크래프트 무비,2025-04-26,10135,10403,118261800
2025-04-19,4,극장판 진격의 거인 완결편 더 라스트 어택,2025-03-13,9134,744455,98695930
2025-04-19,5,극장판 프로젝트 세카이 부서진 세카이와 전해지지 않는 미쿠의 노래,2025-05-29,5444,5444,56777760
2025-04-19,6,브리짓 존스의 일기: 뉴 챕터,2025-04-16,4914,26248,47250400
2025-04-19,7,플로우,2025-03-19,3462,163723,33090000
2025-04-19,8,기동전사 건담 지쿠악스 비기닝,2025-04-02,2653,35212,26121500
2025-04-19,9,백설공주와 일곱난쟁이,2025-04-10,2643,19097,24217900
2025-04-19,10,마리아,2025-04-16,2467,11699,23339000
2025-04-20,1,야당,2025-04-16,239706,788473,2296076810
2025-04-20,2,승부,2025-03-26,37698,2000786,358155660
2025-04-20,3,A MINECRAFT MOVIE 마인크래프트 무비,2025-04-26,10781,21184,126143900
2025-04-20,4,극장판 진격의 거인 완결편 더 라스트 어택,2025-03-13,7866,752321,84227080
2025-04-20,5,브리짓 존스의 일기: 뉴 챕터,2025-04-16,3453,29701,32756100
2025-04-20,6,플로우,2025-03-19,2990,166713,29208600
2025-04-20,7,백설공주와 일곱난쟁이,2025-04-10,2379,21476,21641100
2025-04-20,8,사유리,2025-04-16,1957,9239,19265700
2025-04-20,9,마리아,2025-04-16,1872,13571,16825900
2025-04-20,10,아마추어,2025-04-09,1804,92619,17103900
2025-04-21,1,야당,2025-04-16,82246,870719,763056900
2025-04-21,2,승부,2025-03-26,10127,2010913,92617300
2025-04-21,3,거룩한 밤: 데몬 헌터스,2025-04-30,3424,3424,31848000
2025-04-21,4,극장판 진격의 거인 완결편 더 라스트 어택,2025-03-13,2960,755281,32505700
2025-04-21,5,브리짓 존스의 일기: 뉴 챕터,2025-04-16,2123,31824,18904000
2025-04-21,6,마리아,2025-04-16,1237,14808,10312800
2025-04-21,7,콘클라베,2025-03-05,920,275716,8391300
2025-04-21,8,아마추어,2025-04-09,769,93388,7027800
2025-04-21,9,하보우만의 약속,2025-04-16,740,7570,6365300
2025-04-21,10,로비,2025-04-02,643,257757,5546100
2025-04-22,1,야당,2025-04-16,91358,962077,843942360
2025-04-22,2,승부,2025-03-26,11962,2022875,108895000
2025-04-22,3,극장판 진격의 거인 완결편 더 라스트 어택,2025-03-13,2799,758080,30738400
2025-04-22,4,브리짓 존스의 일기: 뉴 챕터,2025-04-16,2423,34247,21465360
2025-04-22,5,콘클라베,2025-03-05,1507,277223,14443600
2025-04-22,6,마리아,2025-04-16,1417,16225,11932900
2025-04-22,7,열혈검사,2025-04-16,940,8715,6343600
2025-04-22,8,아마추어,2025-04-09,866,94254,8073800
2025-04-22,9,사유리,2025-04-16,861,10727,6818600
2025-04-22,10,하보우만의 약속,2025-04-16,749,8319,6251800
2025-04-23,1,야당,2025-04-16,78725,1040802,728973580
2025-04-23,2,승부,2025-03-26,11002,2033877,100107560
2025-04-23,3,압수수색: 내란의 시작,2025-04-23,5455,6749,48663900
2025-04-23,4,극장판 진격의 거인 완결편 더 라스트 어택,2025-03-13,3166,761246,34923200
2025-04-23,5,4월 이야기,2000-04-08,2618,8599,18319400
2025-04-23,6,콘클라베,2025-03-05,1955,279178,18394900
2025-04-23,7,브리짓 존스의 일기: 뉴 챕터,2025-04-16,1703,35950,15211100
2025-04-23,8,우리가 빛이라 상상하는 모든 것,2025-04-23,1627,2768,15405000
2025-04-23,9,마리아,2025-04-16,1549,17774,16031100
2025-04-23,10,열혈검사,2025-04-16,1057,9772,6786400
2025-04-24,1,야당,2025-04-16,74461,1115263,693631700
2025-04-24,2,승부,2025-03-26,10619,2044496,97987060
2025-04-24,3,파과,2025-04-30,7953,8200,71363000
2025-04-24,4,극장판 진격의 거인 완결편 더 라스트 어택,2025-03-13,6921,768167,67254860
2025-04-24,5,압수수색: 내란의 시작,2025-04-23,4490,11239,40183900
2025-04-24,6,콘클라베,2025-03-05,2123,281301,19366800
2025-04-24,7,브리짓 존스의 일기: 뉴 챕터,2025-04-16,1519,37469,13679800
2025-04-24,8,"극장판 뱅드림! 잇츠 마이고!!!!! 전편: 봄의 양지, 방황하는 고양이",2025-04-24,1518,1518,13878500
2025-04-24,9,4월 이야기,2000-04-08,1083,9682,8707900
2025-04-24,10,플로우,2025-03-19,972,169079,7093500
2025-04-25,1,야당,2025-04-16,108658,1223921,1046046120
2025-04-25,2,승부,2025-03-26,16626,2061122,159339520
2025-04-25,3,압수수색: 내란의 시작,2025-04-23,6988,18227,68356680
2025-04-25,4,극장판 진격의 거인 완결편 더 라스트 어택,2025-03-13,6306,774473,69435500
2025-04-25,5,콘클라베,2025-03-05,3811,285112,37302020
2025-04-25,6,브리짓 존스의 일기: 뉴 챕터,2025-04-16,2028,39497,19553300
2025-04-25,7,카우보이 비밥-천국의문,2003-10-03,1473,1815,13963200
2025-04-25,8,열혈검사,2025-04-16,1373,11955,8181200
2025-04-25,9,4월 이야기,2000-04-08,1252,10934,9890500
2025-04-25,10,플로우,2025-03-19,894,169973,9229400
2025-04-26,1,야당,2025-04-16,220908,1444829,2138419000
2025-04-26,2,A MINECRAFT MOVIE 마인크래프트 무비,2025-04-26,185890,207074,1767137970
2025-04-26,3,승부,2025-03-26,21073,2082195,203912320
2025-04-26,4,압수수색: 내란의 시작,2025-04-23,11246,29473,112077120
2025-04-26,5,극장판 진격의 거인 완결편 더 라스트 어택,2025-03-13,8385,782858,94866180
2025-04-26,6,콘클라베,2025-03-05,5713,290825,56384080
2025-04-26,7,스노우 폭스2: 몬스터타운 구하기,2025-04-26,4736,4777,37678100
2025-04-26,8,시크릿쥬쥬 마법의 하모니,2025-05-01,1518,1518,16764700
2025-04-26,9,4월 이야기,2000-04-08,1489,12423,13039100
2025-04-26,10,해피엔드,2025-04-30,1388,3060,18876600
2025-04-27,1,야당,2025-04-16,191882,1636711,1845676340
2025-04-27,2,A MINECRAFT MOVIE 마인크래프트 무비,2025-04-26,155958,363032,1458063200
2025-04-27,3,승부,2025-03-26,17554,2099749,168853960
2025-04-27,4,압수수색: 내란의 시작,2025-04-23,12105,41578,117998820
2025-04-27,5,극장판 진격의 거인 완결편 더 라스트 어택,2025-03-13,7750,790608,87220820
2025-04-27,6,스노우 폭스2: 몬스터타운 구하기,2025-04-26,4742,9519,38004700
2025-04-27,7,콘클라베,2025-03-05,4559,295384,44162000
2025-04-27,8,플로우,2025-03-19,1556,172903,15626800
2025-04-27,9,시크릿쥬쥬 마법의 하모니,2025-05-01,990,2508,11301300
2025-04-27,10,4월 이야기,2000-04-08,980,13403,8938000
2025-04-28,1,야당,2025-04-16,65681,1702392,610992700
2025-04-28,2,A MINECRAFT MOVIE 마인크래프트 무비,2025-04-26,17650,380682,174179220
2025-04-28,3,승부,2025-03-26,7954,2107703,70303500
2025-04-28,4,바이러스,2025-05-07,5556,5770,50004000
2025-04-28,5,압수수색: 내란의 시작,2025-04-23,4171,45749,38324320
2025-04-28,6,극장판 진격의 거인 완결편 더 라스트 어택,2025-03-13,3498,794106,37701100
2025-04-28,7,콘클라베,2025-03-05,2402,297786,22160900
2025-04-28,8,4월 이야기,2000-04-08,715,14118,5879600
2025-04-28,9,플로우,2025-03-19,655,173558,5085300
2025-04-28,10,브리짓 존스의 일기: 뉴 챕터,2025-04-16,519,41623,4519400
2025-04-29,1,야당,2025-04-16,58474,1760866,539389580
2025-04-29,2,A MINECRAFT MOVIE 마인크래프트 무비,2025-04-26,17498,398180,168662370
2025-04-29,3,승부,2025-03-26,8184,2115887,73137300
2025-04-29,4,압수수색: 내란의 시작,2025-04-23,4041,49790,36959360
2025-04-29,5,극장판 진격의 거인 완결편 더 라스트 어택,2025-03-13,3882,797988,40020860
2025-04-29,6,콘클라베,2025-03-05,2758,300544,25411200
2025-04-29,7,뽀로로 극장판 바닷속 대모험,2025-01-01,1122,428486,5996000
2025-04-29,8,4월 이야기,2000-04-08,974,15092,7739600
2025-04-29,9,우리가 빛이라 상상하는 모든 것,2025-04-23,703,7066,7342100
2025-04-29,10,브리짓 존스의 일기: 뉴 챕터,2025-04-16,689,42312,6116700
2025-04-30,1,거룩한 밤: 데몬 헌터스,2025-04-30,117030,121309,932613300
2025-04-30,2,썬더볼츠＊,2025-04-30,100175,101423,894146610
2025-04-30,3,야당,2025-04-16,80931,1841797,637771680
2025-04-30,4,파과,2025-04-30,33388,42778,262450200
2025-04-30,5,A MINECRAFT MOVIE 마인크래프트 무비,2025-04-26,25485,423665,203472480
2025-04-30,6,해피엔드,2025-04-30,5935,9368,46554700
2025-04-30,7,승부,2025-03-26,3877,2119764,31768500
2025-04-30,8,극장판 진격의 거인 완결편 더 라스트 어택,2025-03-13,3518,801506,33898700
2025-04-30,9,콘클라베,2025-03-05,1933,302477,14904400
2025-04-30,10,압수수색: 내란의 시작,2025-04-23,1853,51643,15455500
2025-05-01,1,야당,2025-04-16,146882,1988679,1329421600
2025-05-01,2,거룩한 밤: 데몬 헌터스,2025-04-30,127358,248667,1144129180
2025-05-01,3,썬더볼츠＊,2025-04-30,107502,208925,1060481100
2025-05-01,4,A MINECRAFT MOVIE 마인크래프트 무비,2025-04-26,100013,523678,888278320
2025-05-01,5,파과,2025-04-30,40055,82833,368718740
2025-05-01,6,시크릿쥬쥬 마법의 하모니,2025-05-01,12059,14567,102874560
2025-05-01,7,쫑알쫑알 똘똘이: 이상한 마을 대모험,2025-04-30,6129,8273,54381200
2025-05-01,8,극장판 진격의 거인 완결편 더 라스트 어택,2025-03-13,5404,806910,53968400
2025-05-01,9,승부,2025-03-26,4814,2124578,40850400
2025-05-01,10,해피엔드,2025-04-30,4782,14150,44955900
2025-05-02,1,야당,2025-04-16,88874,2077553,843342560
2025-05-02,2,썬더볼츠＊,2025-04-30,70894,279819,734832260
2025-05-02,3,거룩한 밤: 데몬 헌터스,2025-04-30,70093,318760,659613300
2025-05-02,4,A MINECRAFT MOVIE 마인크래프트 무비,2025-04-26,55940,579618,527945870
2025-05-02,5,파과,2025-04-30,27564,110397,263946580
2025-05-02,6,극장판 진격의 거인 완결편 더 라스트 어택,2025-03-13,4533,811443,48850800
2025-05-02,7,해피엔드,2025-04-30,4516,18666,44614000
2025-05-02,8,승부,2025-03-26,3406,2127984,29337100
2025-05-02,9,시크릿쥬쥬 마법의 하모니,2025-05-01,2799,17366,23577020
2025-05-02,10,콘클라베,2025-03-05,2055,307605,20134800
2025-05-03,1,야당,2025-04-16,151949,2229502,1461853240
2025-05-03,2,A MINECRAFT MOVIE 마인크래프트 무비,2025-04-26,118188,697806,1120585550
2025-05-03,3,썬더볼츠＊,2025-04-30,104712,384531,1099389380
2025-05-03,4,거룩한 밤: 데몬 헌터스,2025-04-30,93324,412084,903899180
2025-05-03,5,파과,2025-04-30,36394,146791,354603300
2025-05-03,6,시크릿쥬쥬 마법의 하모니,2025-05-01,8248,25614,75184240
2025-05-03,7,극장판 진격의 거인 완결편 더 라스트 어택,2025-03-13,5951,817394,65073400
2025-05-03,8,쫑알쫑알 똘똘이: 이상한 마을 대모험,2025-04-30,4865,14498,45033000
2025-05-03,9,해피엔드,2025-04-30,4182,22848,41519160
2025-05-03,10,콘클라베,2025-03-05,3298,310903,34870300
2025-05-04,1,야당,2025-04-16,150343,2379845,1449265360
2025-05-04,2,A MINECRAFT MOVIE 마인크래프트 무비,2025-04-26,102974,800780,986605760
2025-05-04,3,썬더볼츠＊,2025-04-30,93375,477906,979367450
2025-05-04,4,거룩한 밤: 데몬 헌터스,2025-04-30,87250,499334,858121540
2025-05-04,5,파과,2025-04-30,37267,184058,365833200
2025-05-04,6,극장판 진격의 거인 완결편 더 라스트 어택,2025-03-13,6390,823784,69873700
2025-05-04,7,시크릿쥬쥬 마법의 하모니,2025-05-01,6141,31755,56316800
2025-05-04,8,해피엔드,2025-04-30,4103,26951,40966800
2025-05-04,9,쫑알쫑알 똘똘이: 이상한 마을 대모험,2025-04-30,3852,18350,35250300
2025-05-04,10,콘클라베,2025-03-05,3238,314141,32851000
2025-05-05,1,A MINECRAFT MOVIE 마인크래프트 무비,2025-04-26,173572,974352,1643618740
2025-05-05,2,야당,2025-04-16,171926,2551771,1652020040
2025-05-05,3,썬더볼츠＊,2025-04-30,102297,580203,1054894840
2025-05-05,4,거룩한 밤: 데몬 헌터스,2025-04-30,85676,585010,832270520
2025-05-05,5,파과,2025-04-30,41663,225721,411178840
2025-05-05,6,시크릿쥬쥬 마법의 하모니,2025-05-01,10990,42745,102131440
2025-05-05,7,스노우 폭스2: 몬스터타운 구하기,2025-04-26,7710,30375,68024300
2025-05-05,8,극장판 진격의 거인 완결편 더 라스트 어택,2025-03-13,7097,830881,76472020
2025-05-05,9,쫑알쫑알 똘똘이: 이상한 마을 대모험,2025-04-30,6961,25311,66747300
2025-05-05,10,해피엔드,2025-04-30,4954,31905,49756100
2025-05-06,1,야당,2025-04-16,121340,2673111,1159443540
2025-05-06,2,A MINECRAFT MOVIE 마인크래프트 무비,2025-04-26,117870,1092222,1097742730
2025-05-06,3,썬더볼츠＊,2025-04-30,66613,646816,681999790
2025-05-06,4,거룩한 밤: 데몬 헌터스,2025-04-30,57133,642143,550110620
2025-05-06,5,파과,2025-04-30,39173,264894,390614320
2025-05-06,6,시크릿쥬쥬 마법의 하모니,2025-05-01,10486,53231,95174400
2025-05-06,7,쫑알쫑알 똘똘이: 이상한 마을 대모험,2025-04-30,6125,31436,57636100
2025-05-06,8,극장판 진격의 거인 완결편 더 라스트 어택,2025-03-13,6110,836991,65055280
2025-05-06,9,스노우 폭스2: 몬스터타운 구하기,2025-04-26,5164,35539,41579100
2025-05-06,10,해피엔드,2025-04-30,4650,36555,46156500
2025-05-07,1,야당,2025-04-16,34587,2707698,324030920
2025-05-07,2,썬더볼츠＊,2025-04-30,17154,663970,175267940
2025-05-07,3,거룩한 밤: 데몬 헌터스,2025-04-30,13207,655350,122054800
2025-05-07,4,파과,2025-04-30,12216,277110,111866060
2025-05-07,5,바이러스,2025-05-07,11453,17223,99303100
2025-05-07,6,괴수 8호: 미션 리컨,2025-05-07,6734,8710,61846400
2025-05-07,7,A MINECRAFT MOVIE 마인크래프트 무비,2025-04-26,6154,1098376,56035390
2025-05-07,8,기동전사 건담 역습의 샤아,2025-05-07,4493,4493,39826900
2025-05-07,9,해피엔드,2025-04-30,3521,40076,33167300
2025-05-07,10,에이티즈 월드 투어 [투워즈 더 라이트 : 윌 투 파워] 인 시네마 ,2025-05-07,3095,3095,77375000
2025-05-08,1,야당,2025-04-16,31787,2739485,294744680
2025-05-08,2,썬더볼츠＊,2025-04-30,15054,679024,151016300
2025-05-08,3,파과,2025-04-30,14047,291157,128113800
2025-05-08,4,거룩한 밤: 데몬 헌터스,2025-04-30,10743,666093,98320300
2025-05-08,5,바이러스,2025-05-07,6585,23808,55775960
2025-05-08,6,A MINECRAFT MOVIE 마인크래프트 무비,2025-04-26,5586,1103962,49328040
2025-05-08,7,해피엔드,2025-04-30,3110,43186,28830400
2025-05-08,8,미션 임파서블: 파이널 레코닝,2025-05-17,2968,2968,28440000
2025-05-08,9,괴수 8호: 미션 리컨,2025-05-07,2631,11341,24231500
2025-05-08,10,기동전사 건담 역습의 샤아,2025-05-07,1868,6361,17787900
2025-05-09,1,야당,2025-04-16,51585,2791070,498769780
2025-05-09,2,썬더볼츠＊,2025-04-30,28948,707972,292502840
2025-05-09,3,파과,2025-04-30,21802,312959,207665500
2025-05-09,4,거룩한 밤: 데몬 헌터스,2025-04-30,15475,681568,146051300
2025-05-09,5,A MINECRAFT MOVIE 마인크래프트 무비,2025-04-26,10935,1114897,98340380
2025-05-09,6,바이러스,2025-05-07,9028,32836,78423500
2025-05-09,7,해피엔드,2025-04-30,4422,47608,43229800
2025-05-09,8,괴수 8호: 미션 리컨,2025-05-07,3377,14718,32970300
2025-05-09,9,극장판 진격의 거인 완결편 더 라스트 어택,2025-03-13,2837,843514,33662360
2025-05-09,10,기동전사 건담 역습의 샤아,2025-05-07,2541,8902,24669300
2025-05-10,1,야당,2025-04-16,107982,2899052,1045254440
2025-05-10,2,A MINECRAFT MOVIE 마인크래프트 무비,2025-04-26,60383,1175280,564896450
2025-05-10,3,썬더볼츠＊,2025-04-30,54647,762619,563912530
2025-05-10,4,파과,2025-04-30,43769,356728,437464600
2025-05-10,5,거룩한 밤: 데몬 헌터스,2025-04-30,29831,711399,296658020
2025-05-10,6,바이러스,2025-05-07,12024,44860,116314700
2025-05-10,7,극장판 귀멸의 칼날: 무한열차편,2021-01-27,11877,2201021,124250700
2025-05-10,8,배드 가이즈,2022-05-04,9925,410254,99250000
2025-05-10,9,괴수 8호: 미션 리컨,2025-05-07,6883,21601,66563020
2025-05-10,10,해피엔드,2025-04-30,5495,53103,56450200
2025-05-11,1,야당,2025-04-16,82863,2981915,803414920
2025-05-11,2,A MINECRAFT MOVIE 마인크래프트 무비,2025-04-26,61586,1236866,572268620
2025-05-11,3,썬더볼츠＊,2025-04-30,41362,803981,421075990
2025-05-11,4,파과,2025-04-30,37649,394377,374973130
2025-05-11,5,거룩한 밤: 데몬 헌터스,2025-04-30,22214,733613,218445700
2025-05-11,6,바이러스,2025-05-07,10313,55173,102097800
2025-05-11,7,극장판 귀멸의 칼날: 무한열차편,2021-01-27,6073,2207094,63968100
2025-05-11,8,괴수 8호: 미션 리컨,2025-05-07,5745,27346,55081500
2025-05-11,9,해피엔드,2025-04-30,5034,58137,49960260
2025-05-11,10,극장판 진격의 거인 완결편 더 라스트 어택,2025-03-13,4718,853145,49471220
2025-05-12,1,야당,2025-04-16,28690,3010605,271663520
2025-05-12,2,파과,2025-04-30,12447,406824,115360200
2025-05-12,3,썬더볼츠＊,2025-04-30,11401,815382,117454730
2025-05-12,4,거룩한 밤: 데몬 헌터스,2025-04-30,6449,740062,61657800
2025-05-12,5,바이러스,2025-05-07,4296,59469,37212100
2025-05-12,6,A MINECRAFT MOVIE 마인크래프트 무비,2025-04-26,3477,1240343,32541280
2025-05-12,7,해피엔드,2025-04-30,2652,60789,25146900
2025-05-12,8,극장판 귀멸의 칼날: 무한열차편,2021-01-27,1907,2209001,19444300
2025-05-12,9,극장판 진격의 거인 완결편 더 라스트 어택,2025-03-13,1591,854736,17453300
2025-05-12,10,괴수 8호: 미션 리컨,2025-05-07,1487,28833,14000700
2025-05-13,1,야당,2025-04-16,25579,3036184,241595520
2025-05-13,2,파과,2025-04-30,12782,419606,115483800
2025-05-13,3,썬더볼츠＊,2025-04-30,11010,826392,111811660
2025-05-13,4,거룩한 밤: 데몬 헌터스,2025-04-30,5941,746003,54930500
2025-05-13,5,바이러스,2025-05-07,4993,64462,40878200
2025-05-13,6,A MINECRAFT MOVIE 마인크래프트 무비,2025-04-26,3519,1243862,32142400
2025-05-13,7,위드 러브,2025-05-14,2830,2830,19810000
2025-05-13,8,해피엔드,2025-04-30,2465,63254,23536800
2025-05-13,9,극장판 귀멸의 칼날: 무한열차편,2021-01-27,1510,2210511,15514700
2025-05-13,10,극장판 진격의 거인 완결편 더 라스트 어택,2025-03-13,1381,856117,15076100
2025-05-14,1,야당,2025-04-16,27555,3063739,258084520
2025-05-14,2,파과,2025-04-30,12942,432548,118349700
2025-05-14,3,썬더볼츠＊,2025-04-30,12230,838622,114804800
2025-05-14,4,파이널 데스티네이션 블러드라인,2025-05-14,8431,11793,80363200
2025-05-14,5,거룩한 밤: 데몬 헌터스,2025-04-30,5324,751327,48262600
2025-05-14,6,A MINECRAFT MOVIE 마인크래프트 무비,2025-04-26,3606,1247468,32285000
2025-05-14,7,"다시 만날, 조국",2025-05-14,3536,4649,31453800
2025-05-14,8,해피엔드,2025-04-30,3068,66322,29036400
2025-05-14,9,바이러스,2025-05-07,2308,66770,18945300
2025-05-14,10,세븐 베일즈	,2025-05-14,2099,2668,13843700
2025-05-15,1,야당,2025-04-16,28998,3092737,271368800
2025-05-15,2,파과,2025-04-30,14641,447189,137470700
2025-05-15,3,썬더볼츠＊,2025-04-30,11750,850372,108940260
2025-05-15,4,파이널 데스티네이션 블러드라인,2025-05-14,7042,18835,68441420
2025-05-15,5,거룩한 밤: 데몬 헌터스,2025-04-30,6728,758055,61597100
2025-05-15,6,해피엔드,2025-04-30,3625,69947,33626760
2025-05-15,7,A MINECRAFT MOVIE 마인크래프트 무비,2025-04-26,2891,1250359,25596200
2025-05-15,8,"다시 만날, 조국",2025-05-14,2314,6963,20272100
2025-05-15,9,바이러스,2025-05-07,2094,68864,17499000
2025-05-15,10,극장판 귀멸의 칼날: 무한열차편,2021-01-27,1381,2213329,14185400
2025-05-16,1,야당,2025-04-16,38909,3131646,377798900
2025-05-16,2,썬더볼츠＊,2025-04-30,17556,867928,167777300
2025-05-16,3,파과,2025-04-30,16705,463894,162747600
2025-05-16,4,파이널 데스티네이션 블러드라인,2025-05-14,10134,28969,102496400
2025-05-16,5,거룩한 밤: 데몬 헌터스,2025-04-30,7549,765604,70721100
2025-05-16,6,A MINECRAFT MOVIE 마인크래프트 무비,2025-04-26,6881,1257240,60748800
2025-05-16,7,해피엔드,2025-04-30,3182,73129,32103000
2025-05-16,8,라이즈 오디세이 프리미어 인 시네마, ,3120,4378,18720000
2025-05-16,9,"다시 만날, 조국",2025-05-14,2678,9641,24293100
2025-05-16,10,극장판 진격의 거인 완결편 더 라스트 어택,2025-03-13,2365,861227,26599100
2025-05-17,1,미션 임파서블: 파이널 레코닝,2025-05-17,423889,427481,4253368710
2025-05-17,2,야당,2025-04-16,42905,3174551,416317300
2025-05-17,3,A MINECRAFT MOVIE 마인크래프트 무비,2025-04-26,26400,1283640,245159000
2025-05-17,4,파과,2025-04-30,14054,477948,137984700
2025-05-17,5,썬더볼츠＊,2025-04-30,11591,879519,114567760
2025-05-17,6,파이널 데스티네이션 블러드라인,2025-05-14,10257,39226,104080860
2025-05-17,7,라이즈 오디세이 프리미어 인 시네마, ,5723,10101,34338000
2025-05-17,8,해피엔드,2025-04-30,3493,76622,34954700
2025-05-17,9,극장판 진격의 거인 완결편 더 라스트 어택,2025-03-13,3420,864647,38670900
2025-05-17,10,거룩한 밤: 데몬 헌터스,2025-04-30,2739,768343,25931800
2025-05-18,1,미션 임파서블: 파이널 레코닝,2025-05-17,335564,763045,3349207810
2025-05-18,2,야당,2025-04-16,35029,3209580,345495500
2025-05-18,3,A MINECRAFT MOVIE 마인크래프트 무비,2025-04-26,30198,1313838,279429480
2025-05-18,4,파과,2025-04-30,15987,493935,171339700
2025-05-18,5,썬더볼츠＊,2025-04-30,9722,889241,94589900
2025-05-18,6,파이널 데스티네이션 블러드라인,2025-05-14,7166,46392,73820660
2025-05-18,7,극장판 진격의 거인 완결편 더 라스트 어택,2025-03-13,4035,868682,45336600
2025-05-18,8,해피엔드,2025-04-30,3220,79842,31908500
2025-05-18,9,라이즈 오디세이 프리미어 인 시네마, ,2717,12818,16302000
2025-05-18,10,"다시 만날, 조국",2025-05-14,2345,14540,22549320
2025-05-19,1,미션 임파서블: 파이널 레코닝,2025-05-17,107449,870494,1049728960
2025-05-19,2,야당,2025-04-16,14151,3223731,135104500
2025-05-19,3,파과,2025-04-30,4970,498905,47623520
2025-05-19,4,파이널 데스티네이션 블러드라인,2025-05-14,3604,49996,36029500
2025-05-19,5,썬더볼츠＊,2025-04-30,3393,892634,32516900
2025-05-19,6,"다시 만날, 조국",2025-05-14,1655,16195,14673800
2025-05-19,7,해피엔드,2025-04-30,1586,81428,15273200
2025-05-19,8,거룩한 밤: 데몬 헌터스,2025-04-30,1324,771744,11514100
2025-05-19,9,극장판 진격의 거인 완결편 더 라스트 어택,2025-03-13,1322,870004,15273700
2025-05-19,10,A MINECRAFT MOVIE 마인크래프트 무비,2025-04-26,1196,1315034,11235400
2025-05-20,1,미션 임파서블: 파이널 레코닝,2025-05-17,101189,971683,997174710
2025-05-20,2,야당,2025-04-16,12485,3236216,118881900
2025-05-20,3,파과,2025-04-30,4803,503708,45923900
2025-05-20,4,파이널 데스티네이션 블러드라인,2025-05-14,3195,53191,31722400
2025-05-20,5,썬더볼츠＊,2025-04-30,3171,895805,31183020
2025-05-20,6,"다시 만날, 조국",2025-05-14,3013,19208,25532700
2025-05-20,7,극장판 진격의 거인 완결편 더 라스트 어택,2025-03-13,1537,871541,17694100
2025-05-20,8,해피엔드,2025-04-30,1396,82824,13429800
2025-05-20,9,A MINECRAFT MOVIE 마인크래프트 무비,2025-04-26,1314,1316348,11538900
2025-05-20,10,거룩한 밤: 데몬 헌터스,2025-04-30,1159,772903,10508000
2025-05-21,1,미션 임파서블: 파이널 레코닝,2025-05-17,96073,1067756,936411220
2025-05-21,2,릴로 & 스티치,2025-05-21,18329,19222,172679150
2025-05-21,3,야당,2025-04-16,12177,3248393,116217320
2025-05-21,4,파과,2025-04-30,4881,508589,46067000
2025-05-21,5,썬더볼츠＊,2025-04-30,2805,898610,26607200
2025-05-21,6,해피엔드,2025-04-30,2673,85497,24833560
2025-05-21,7,주차금지,2025-05-21,2520,2953,16284900
2025-05-21,8,파이널 데스티네이션 블러드라인,2025-05-14,2335,55526,23157000
2025-05-21,9,"부정선거, 신의 작품인가",2025-05-21,2066,3005,15722700
2025-05-21,10,그리드맨 유니버스,2025-05-21,1608,1912,10704850
2025-05-22,1,미션 임파서블: 파이널 레코닝,2025-05-17,84519,1152275,823454910
2025-05-22,2,릴로 & 스티치,2025-05-21,12095,31317,113064100
2025-05-22,3,야당,2025-04-16,10899,3259292,104890900
2025-05-22,4,나를 모르는 그녀의 세계에서,2025-05-22,4635,6986,34858300
2025-05-22,5,"부정선거, 신의 작품인가",2025-05-21,4120,7125,35634960
2025-05-22,6,파과,2025-04-30,3782,512371,35515900
2025-05-22,7,썬더볼츠＊,2025-04-30,2497,901107,23533600
2025-05-22,8,파이널 데스티네이션 블러드라인,2025-05-14,2150,57676,21705600
2025-05-22,9,해피엔드,2025-04-30,1746,87243,16465600
2025-05-22,10,주차금지,2025-05-21,1629,4582,11810960
2025-05-23,1,미션 임파서블: 파이널 레코닝,2025-05-17,133298,1285573,1365168840
2025-05-23,2,릴로 & 스티치,2025-05-21,18751,50068,189095380
2025-05-23,3,야당,2025-04-16,13776,3273068,136873500
2025-05-23,4,파과,2025-04-30,4866,517237,47448200
2025-05-23,5,"부정선거, 신의 작품인가",2025-05-21,3657,10782,32939250
2025-05-23,6,썬더볼츠＊,2025-04-30,3486,904593,33924600
2025-05-23,7,나를 모르는 그녀의 세계에서,2025-05-22,3249,10235,28533800
2025-05-23,8,파이널 데스티네이션 블러드라인,2025-05-14,3150,60826,32813900
2025-05-23,9,극장판 진격의 거인 완결편 더 라스트 어택,2025-03-13,1866,876120,21973900
2025-05-23,10,해피엔드,2025-04-30,1862,89105,18741510
2025-05-24,1,미션 임파서블: 파이널 레코닝,2025-05-17,309938,1595511,3116461280
2025-05-24,2,릴로 & 스티치,2025-05-21,73812,123880,705194840
2025-05-24,3,야당,2025-04-16,26858,3299926,266355920
2025-05-24,4,A MINECRAFT MOVIE 마인크래프트 무비,2025-04-26,12163,1331875,113523040
2025-05-24,5,파과,2025-04-30,8135,525372,80396700
2025-05-24,6,"부정선거, 신의 작품인가",2025-05-21,6388,17170,59560500
2025-05-24,7,파이널 데스티네이션 블러드라인,2025-05-14,5662,66488,58233550
2025-05-24,8,썬더볼츠＊,2025-04-30,5084,909677,51536800
2025-05-24,9,나를 모르는 그녀의 세계에서,2025-05-22,4483,14718,43037100
2025-05-24,10,극장판 진격의 거인 완결편 더 라스트 어택,2025-03-13,4324,880444,52234680
2025-05-25,1,미션 임파서블: 파이널 레코닝,2025-05-17,244898,1840409,2447473960
2025-05-25,2,릴로 & 스티치,2025-05-21,64909,188789,617955750
2025-05-25,3,야당,2025-04-16,21306,3321232,211201400
2025-05-25,4,A MINECRAFT MOVIE 마인크래프트 무비,2025-04-26,12434,1344309,115133280
2025-05-25,5,파과,2025-04-30,6650,532022,66171500
2025-05-25,6,"부정선거, 신의 작품인가",2025-05-21,5777,22947,54567350
2025-05-25,7,나를 모르는 그녀의 세계에서,2025-05-22,4090,18808,38786700
2025-05-25,8,극장판 진격의 거인 완결편 더 라스트 어택,2025-03-13,3962,884406,47463700
2025-05-25,9,썬더볼츠＊,2025-04-30,3945,913622,39806800
2025-05-25,10,파이널 데스티네이션 블러드라인,2025-05-14,3819,70307,39920000
2025-05-26,1,미션 임파서블: 파이널 레코닝,2025-05-17,60085,1900494,587065780
2025-05-26,2,릴로 & 스티치,2025-05-21,9307,198096,90728800
2025-05-26,3,야당,2025-04-16,9027,3330259,86921560
2025-05-26,4,하이파이브,2025-05-30,3200,3693,28800000
2025-05-26,5,"부정선거, 신의 작품인가",2025-05-21,3130,26077,27474800
2025-05-26,6,파과,2025-04-30,2914,534936,27621400
2025-05-26,7,파이널 데스티네이션 블러드라인,2025-05-14,1919,72226,19446900
2025-05-26,8,썬더볼츠＊,2025-04-30,1683,915305,16153000
2025-05-26,9,주차금지,2025-05-21,1581,13227,10911150
2025-05-26,10,나를 모르는 그녀의 세계에서,2025-05-22,1413,20221,12962400
2025-05-27,1,미션 임파서블: 파이널 레코닝,2025-05-17,54631,1955125,539108280
2025-05-27,2,릴로 & 스티치,2025-05-21,9581,207677,89070200
2025-05-27,3,야당,2025-04-16,7550,3337809,72742500
2025-05-27,4,하이파이브,2025-05-30,4022,7715,36198000
2025-05-27,5,파과,2025-04-30,2753,537689,25755500
2025-05-27,6,"부정선거, 신의 작품인가",2025-05-21,2142,28219,19189200
2025-05-27,7,썬더볼츠＊,2025-04-30,1843,917148,17795100
2025-05-27,8,주차금지,2025-05-21,1797,15024,11501010
2025-05-27,9,파이널 데스티네이션 블러드라인,2025-05-14,1729,73955,17289660
2025-05-27,10,해피엔드,2025-04-30,1364,97595,12871200
2025-05-28,1,미션 임파서블: 파이널 레코닝,2025-05-17,95142,2050267,763006670
2025-05-28,2,릴로 & 스티치,2025-05-21,12684,220361,98860900
2025-05-28,3,씨너스: 죄인들,2025-05-28,10479,12436,95263860
2025-05-28,4,야당,2025-04-16,10092,3347901,80929400
2025-05-28,5,페니키안 스킴,2025-05-28,7205,7453,57386450
2025-05-28,6,미야자키 하야오: 자연의 영혼,2025-05-28,4265,4465,31823800
2025-05-28,7,파과,2025-04-30,3785,541474,29069950
2025-05-28,8,하이파이브,2025-05-30,3312,11027,28912100
2025-05-28,9,"부정선거, 신의 작품인가",2025-05-21,1999,30218,16405400
2025-05-28,10,알사탕, ,1984,2816,9930000
2025-05-29,1,미션 임파서블: 파이널 레코닝,2025-05-17,51226,2101493,496325110
2025-05-29,2,릴로 & 스티치,2025-05-21,7840,228201,73257560
2025-05-29,3,극장판 프로젝트 세카이 부서진 세카이와 전해지지 않는 미쿠의 노래,2025-05-29,7510,12954,68246300
2025-05-29,4,야당,2025-04-16,7454,3355355,70208900
2025-05-29,5,씨너스: 죄인들,2025-05-28,5250,17686,56381840
2025-05-29,6,하이파이브,2025-05-30,4144,15171,37144000
2025-05-29,7,소주전쟁,2025-05-30,4021,4537,36274000
2025-05-29,8,페니키안 스킴,2025-05-28,2838,10291,26915650
2025-05-29,9,파과,2025-04-30,2505,543979,23107260
2025-05-29,10,알사탕, ,1700,4516,8500000
2025-05-30,1,하이파이브,2025-05-30,70034,85205,656497200
2025-05-30,2,미션 임파서블: 파이널 레코닝,2025-05-17,68698,2170191,650718320
2025-05-30,3,소주전쟁,2025-05-30,46590,51127,464846780
2025-05-30,4,릴로 & 스티치,2025-05-21,7555,235756,70914100
2025-05-30,5,씨너스: 죄인들,2025-05-28,4469,22155,55439680
2025-05-30,6,극장판 프로젝트 세카이 부서진 세카이와 전해지지 않는 미쿠의 노래,2025-05-29,3966,16920,39248560
2025-05-30,7,야당,2025-04-16,3487,3358842,34022000
2025-05-30,8,알사탕, ,2357,6873,11785000
2025-05-30,9,페니키안 스킴,2025-05-28,2338,12629,23443500
2025-05-30,10,기타맨,2025-05-30,2275,2658,18293200
2025-05-31,1,미션 임파서블: 파이널 레코닝,2025-05-17,164536,2334727,1651689750
2025-05-31,2,하이파이브,2025-05-30,151784,236989,1441610130
2025-05-31,3,소주전쟁,2025-05-30,48623,99750,472520610
2025-05-31,4,릴로 & 스티치,2025-05-21,42205,277961,398963430
2025-05-31,5,신명,2025-06-02,12832,12832,136854500
2025-05-31,6,알사탕, ,11077,17950,55385000
2025-05-31,7,배드 가이즈,2022-05-04,9970,420224,99700000
2025-05-31,8,극장판 프로젝트 세카이 부서진 세카이와 전해지지 않는 미쿠의 노래,2025-05-29,8932,25852,85116190
2025-05-31,9,씨너스: 죄인들,2025-05-28,7490,29645,93446480
2025-05-31,10,야당,2025-04-16,5418,3364260,52382400
2025-06-01,1,하이파이브,2025-05-30,158504,395493,1478090800
2025-06-01,2,미션 임파서블: 파이널 레코닝,2025-05-17,137638,2472365,1363960850
2025-06-01,3,릴로 & 스티치,2025-05-21,43809,321770,416211300
2025-06-01,4,소주전쟁,2025-05-30,36410,136160,342259220
2025-06-01,5,알사탕, ,11104,29054,55520000
2025-06-01,6,극장판 프로젝트 세카이 부서진 세카이와 전해지지 않는 미쿠의 노래,2025-05-29,7503,33355,70471360
2025-06-01,7,씨너스: 죄인들,2025-05-28,6351,35996,76730250
2025-06-01,8,야당,2025-04-16,4388,3368648,44142500
2025-06-01,9,A MINECRAFT MOVIE 마인크래프트 무비,2025-04-26,3332,1352263,31161700
2025-06-01,10,페니키안 스킴,2025-05-28,2986,19014,30178000
2025-06-02,1,하이파이브,2025-05-30,75609,471102,676528600
2025-06-02,2,신명,2025-06-02,60139,72971,566231430
2025-06-02,3,미션 임파서블: 파이널 레코닝,2025-05-17,59953,2532318,574991280
2025-06-02,4,소주전쟁,2025-05-30,21136,157296,185786820
2025-06-02,5,릴로 & 스티치,2025-05-21,6868,328638,63882300
2025-06-02,6,씨너스: 죄인들,2025-05-28,4317,40313,47404510
2025-06-02,7,야당,2025-04-16,2158,3370806,20326600
2025-06-02,8,페니키안 스킴,2025-05-28,1745,20759,16366700
2025-06-02,9,알사탕, ,1486,30540,7430000
2025-06-02,10,극장판 프로젝트 세카이 부서진 세카이와 전해지지 않는 미쿠의 노래,2025-05-29,1328,34683,12378600
2025-06-03,1,하이파이브,2025-05-30,173104,644206,1597435130
2025-06-03,2,미션 임파서블: 파이널 레코닝,2025-05-17,135512,2667830,1319712920
2025-06-03,3,신명,2025-06-02,85507,158478,824389070
2025-06-03,4,릴로 & 스티치,2025-05-21,54623,383261,503547020
2025-06-03,5,소주전쟁,2025-05-30,31328,188624,283908410
2025-06-03,6,알사탕, ,13982,44522,69910000
2025-06-03,7,씨너스: 죄인들,2025-05-28,6480,46793,77398000
2025-06-03,8,극장판 프로젝트 세카이 부서진 세카이와 전해지지 않는 미쿠의 노래,2025-05-29,4361,39044,40814600
2025-06-03,9,극장판 짱구는 못말려: 격돌! 낙서왕국과 얼추 네 명의 용사들,2021-09-15,3947,203673,36893200
2025-06-03,10,A MINECRAFT MOVIE 마인크래프트 무비,2025-04-26,3257,1355645,29401600
2025-06-04,1,하이파이브,2025-05-30,44520,688726,397520260
2025-06-04,2,미션 임파서블: 파이널 레코닝,2025-05-17,29984,2697814,282413100
2025-06-04,3,신명,2025-06-02,22226,180704,204469050
2025-06-04,4,소주전쟁,2025-05-30,14123,202747,123864420
2025-06-04,5,릴로 & 스티치,2025-05-21,5081,388342,46241700
2025-06-04,6,씨너스: 죄인들,2025-05-28,2202,48995,24943740
2025-06-04,7,그리드맨 유니버스,2025-05-21,1228,10017,6876100
2025-06-04,8,아마데우스 오리지널 리마스터링,2025-06-04,1202,1810,10946100
2025-06-04,9,페니키안 스킴,2025-05-28,980,24507,9030500
2025-06-04,10,미야자키 하야오: 자연의 영혼,2025-05-28,968,13536,5954500
2025-06-05,1,하이파이브,2025-05-30,61059,749785,542028670
2025-06-05,2,미션 임파서블: 파이널 레코닝,2025-05-17,45561,2743375,431670340
2025-06-05,3,신명,2025-06-02,27347,208051,250368030
2025-06-05,4,소주전쟁,2025-05-30,15879,218626,139113860
2025-06-05,5,릴로 & 스티치,2025-05-21,7515,395857,68041270
2025-06-05,6,씨너스: 죄인들,2025-05-28,3456,52451,39759820
2025-06-05,7,극장판 프로젝트 세카이 부서진 세카이와 전해지지 않는 미쿠의 노래,2025-05-29,2746,42556,24365800
2025-06-05,8,기타맨,2025-05-30,1951,8038,15270800
2025-06-05,9,단다단: 사안, ,1419,1419,13531100
2025-06-05,10,알사탕, ,1312,46771,6560000
2025-06-06,1,드래곤 길들이기,2025-06-06,223220,226291,2237037730
2025-06-06,2,하이파이브,2025-05-30,156346,906131,1447077160
2025-06-06,3,미션 임파서블: 파이널 레코닝,2025-05-17,104990,2848365,1000923430
2025-06-06,4,신명,2025-06-02,58810,266861,566245490
2025-06-06,5,릴로 & 스티치,2025-05-21,19454,415311,181371550
2025-06-06,6,브링 허 백,2025-06-06,14950,17598,120300700
2025-06-06,7,소주전쟁,2025-05-30,14089,232715,129942600
2025-06-06,8,알사탕, ,8706,55477,43530000
2025-06-06,9,극장판 프로젝트 세카이 부서진 세카이와 전해지지 않는 미쿠의 노래,2025-05-29,4486,47042,41166030
2025-06-06,10,극장판 짱구는 못말려: 격돌! 낙서왕국과 얼추 네 명의 용사들,2021-09-15,2544,206996,22533400
2025-06-07,1,드래곤 길들이기,2025-06-06,165590,391881,1706928480
2025-06-07,2,하이파이브,2025-05-30,134428,1040559,1265106740
2025-06-07,3,미션 임파서블: 파이널 레코닝,2025-05-17,87246,2935611,827056870
2025-06-07,4,신명,2025-06-02,65019,331880,631061590
2025-06-07,5,릴로 & 스티치,2025-05-21,14612,429923,138595730
2025-06-07,6,소주전쟁,2025-05-30,12734,245449,126494400
2025-06-07,7,브링 허 백,2025-06-06,9431,27029,76816900
2025-06-07,8,알사탕, ,4964,60441,24820000
2025-06-07,9,인피니트 15주년 콘서트 리미티드 에디션 더 무비,2025-06-11,2602,2602,65049000
2025-06-07,10,극장판 프로젝트 세카이 부서진 세카이와 전해지지 않는 미쿠의 노래,2025-05-29,2392,49434,22481040
2025-06-08,1,드래곤 길들이기,2025-06-06,152204,544085,1550089090
2025-06-08,2,하이파이브,2025-05-30,110181,1150740,1037907340
2025-06-08,3,미션 임파서블: 파이널 레코닝,2025-05-17,64711,3000322,610277630
2025-06-08,4,신명,2025-06-02,59593,391473,577729120
2025-06-08,5,릴로 & 스티치,2025-05-21,13722,443645,130217300
2025-06-08,6,소주전쟁,2025-05-30,9600,255049,90639250
2025-06-08,7,브링 허 백,2025-06-06,8844,35873,67650800
2025-06-08,8,알사탕, ,6510,66951,32550000
2025-06-08,9,인피니트 15주년 콘서트 리미티드 에디션 더 무비,2025-06-11,2818,5420,70449000
2025-06-08,10,극장판 프로젝트 세카이 부서진 세카이와 전해지지 않는 미쿠의 노래,2025-05-29,2238,51672,21120110
2025-06-09,1,하이파이브,2025-05-30,31807,1182547,286436260
2025-06-09,2,드래곤 길들이기,2025-06-06,30439,574524,315376750
2025-06-09,3,신명,2025-06-02,20397,411870,188606300
2025-06-09,4,미션 임파서블: 파이널 레코닝,2025-05-17,17532,3017854,160407440
2025-06-09,5,소주전쟁,2025-05-30,2800,257849,25784720
2025-06-09,6,브링 허 백,2025-06-06,2380,38253,22091200
2025-06-09,7,인피니트 15주년 콘서트 리미티드 에디션 더 무비,2025-06-11,1950,7370,48749000
2025-06-09,8,릴로 & 스티치,2025-05-21,1621,445266,15335200
2025-06-09,9,씨너스: 죄인들,2025-05-28,972,58694,9822700
2025-06-09,10,알사탕, ,872,67823,4360000
2025-06-10,1,하이파이브,2025-05-30,28451,1210998,253312530
2025-06-10,2,드래곤 길들이기,2025-06-06,27386,601910,280180310
2025-06-10,3,신명,2025-06-02,18694,430564,172012050
2025-06-10,4,미션 임파서블: 파이널 레코닝,2025-05-17,16084,3033938,148334220
2025-06-10,5,소주전쟁,2025-05-30,3587,261436,30168300
2025-06-10,6,릴로 & 스티치,2025-05-21,2383,447649,20884700
2025-06-10,7,브링 허 백,2025-06-06,2114,40367,19700400
2025-06-10,8,알사탕, ,1566,69389,7830000
2025-06-10,9,씨너스: 죄인들,2025-05-28,1008,59702,10002420
2025-06-10,10,아마데우스 오리지널 리마스터링,2025-06-04,579,9457,5338900
2025-06-11,1,하이파이브,2025-05-30,31835,1242833,285235920
2025-06-11,2,드래곤 길들이기,2025-06-06,29832,631742,304506120
2025-06-11,3,신명,2025-06-02,18697,449261,173456240
2025-06-11,4,미션 임파서블: 파이널 레코닝,2025-05-17,17397,3051335,162067060
2025-06-11,5,태양의 노래,2025-06-11,6128,7227,51239750
2025-06-11,6,인생은 아름다워,1999-03-06,3026,131760,27921900
2025-06-11,7,엘리오,2025-06-18,2881,2881,28953000
2025-06-11,8,소주전쟁,2025-05-30,2487,263923,21703500
2025-06-11,9,브링 허 백,2025-06-06,2000,42367,18579200
2025-06-11,10,알사탕, ,1734,71123,8670000
2025-06-12,1,하이파이브,2025-05-30,32178,1275011,286800820
2025-06-12,2,드래곤 길들이기,2025-06-06,27118,658860,276844940
2025-06-12,3,신명,2025-06-02,17543,466804,161468360
2025-06-12,4,미션 임파서블: 파이널 레코닝,2025-05-17,15227,3066562,142088380
2025-06-12,5,소주전쟁,2025-05-30,2590,266513,21255500
2025-06-12,6,태양의 노래,2025-06-11,2409,9636,20132900
2025-06-12,7,극장판 프로젝트 세카이 부서진 세카이와 전해지지 않는 미쿠의 노래,2025-05-29,2302,55254,19324560
2025-06-12,8,인생은 아름다워,1999-03-06,1974,133734,17971400
2025-06-12,9,브링 허 백,2025-06-06,1924,44291,17977200
2025-06-12,10,알사탕, ,1712,72835,8560000
2025-06-13,1,드래곤 길들이기,2025-06-06,44601,703461,473145630
2025-06-13,2,하이파이브,2025-05-30,44173,1319184,412988040
2025-06-13,3,신명,2025-06-02,23003,489807,222755500
2025-06-13,4,미션 임파서블: 파이널 레코닝,2025-05-17,21079,3087641,204262070
2025-06-13,5,브링 허 백,2025-06-06,2590,46881,24368600
2025-06-13,6,알사탕, ,2419,75254,12095000
2025-06-13,7,인생은 아름다워,1999-03-06,2276,136010,21504500
2025-06-13,8,릴로 & 스티치,2025-05-21,1973,452553,18807560
2025-06-13,9,소주전쟁,2025-05-30,1912,268425,18137600
2025-06-13,10,태양의 노래,2025-06-11,1778,11414,15281750
2025-06-14,1,드래곤 길들이기,2025-06-06,145065,848526,1482412310
2025-06-14,2,하이파이브,2025-05-30,102656,1421840,974433440
2025-06-14,3,미션 임파서블: 파이널 레코닝,2025-05-17,50672,3138313,489867920
2025-06-14,4,신명,2025-06-02,50013,539820,487582970
2025-06-14,5,알사탕, ,9803,85057,49015000
2025-06-14,6,릴로 & 스티치,2025-05-21,9212,461765,88668390
2025-06-14,7,인생은 아름다워,1999-03-06,4969,140979,48543700
2025-06-14,8,브링 허 백,2025-06-06,3830,50711,35557100
2025-06-14,9,태양의 노래,2025-06-11,3392,14806,33057600
2025-06-14,10,극장판 프로젝트 세카이 부서진 세카이와 전해지지 않는 미쿠의 노래,2025-05-29,2833,59245,32409500
2025-06-15,1,드래곤 길들이기,2025-06-06,129457,977983,1306301930
2025-06-15,2,하이파이브,2025-05-30,82060,1503900,774204380
2025-06-15,3,신명,2025-06-02,46116,585936,448052870
2025-06-15,4,미션 임파서블: 파이널 레코닝,2025-05-17,41198,3179511,397243380
2025-06-15,5,알사탕, ,10221,95278,51105000
2025-06-15,6,릴로 & 스티치,2025-05-21,9534,471299,91620130
2025-06-15,7,인생은 아름다워,1999-03-06,3480,144459,34483800
2025-06-15,8,극장판 프로젝트 세카이 부서진 세카이와 전해지지 않는 미쿠의 노래,2025-05-29,2585,61830,29301200
2025-06-15,9,브링 허 백,2025-06-06,2502,53213,23309700
2025-06-15,10,태양의 노래,2025-06-11,2497,17303,24959000
2025-06-16,1,드래곤 길들이기,2025-06-06,24443,1002426,251024690
2025-06-16,2,하이파이브,2025-05-30,23148,1527048,213555280
2025-06-16,3,신명,2025-06-02,15665,601601,146947720
2025-06-16,4,미션 임파서블: 파이널 레코닝,2025-05-17,13260,3192771,123407560
2025-06-16,5,노이즈,2025-06-25,1593,1593,19710000
2025-06-16,6,인생은 아름다워,1999-03-06,1440,145899,12823400
2025-06-16,7,릴로 & 스티치,2025-05-21,1205,472504,11507500
2025-06-16,8,브링 허 백,2025-06-06,1165,54378,10756700
2025-06-16,9,소주전쟁,2025-05-30,1131,273111,10117100
2025-06-16,10,알사탕, ,942,96220,4710000
2025-06-17,1,드래곤 길들이기,2025-06-06,25317,1027743,263920590
2025-06-17,2,하이파이브,2025-05-30,22119,1549167,202815820
2025-06-17,3,신명,2025-06-02,15018,616619,139674000
2025-06-17,4,미션 임파서블: 파이널 레코닝,2025-05-17,12388,3205159,116262360
2025-06-17,5,소주전쟁,2025-05-30,1457,274568,11821500
2025-06-17,6,태양의 노래,2025-06-11,1326,19472,10610400
2025-06-17,7,인생은 아름다워,1999-03-06,1298,147197,11619300
2025-06-17,8,브링 허 백,2025-06-06,1248,55626,11661000
2025-06-17,9,릴로 & 스티치,2025-05-21,1145,473649,11078300
2025-06-17,10,씨너스: 죄인들,2025-05-28,951,68775,10812800
2025-06-18,1,엘리오,2025-06-18,26101,28982,237555860
2025-06-18,2,드래곤 길들이기,2025-06-06,22633,1050376,222477020
2025-06-18,3,하이파이브,2025-05-30,22402,1571569,206709260
2025-06-18,4,신명,2025-06-02,13668,630287,126490420
2025-06-18,5,미션 임파서블: 파이널 레코닝,2025-05-17,12526,3217685,119370300
2025-06-18,6,클리프행어 리마스터드,1993-06-12,3420,3865,20083100
2025-06-18,7,브링 허 백,2025-06-06,1723,57349,13509900
2025-06-18,8,극장판 닌자보이 란타로: 도쿠타케 닌자대 최강의 군사,2025-05-14,1719,27366,14788600
2025-06-18,9,탐정 키엔: 사라진 머리,2025-06-18,1537,1537,17112000
2025-06-18,10,기빗올: 우리들의 썸머,2025-06-18,1152,1372,9364800
2025-06-19,1,28년 후,2025-06-19,56675,57021,506760060
2025-06-19,2,드래곤 길들이기,2025-06-06,20246,1070622,206403530
2025-06-19,3,하이파이브,2025-05-30,19980,1591549,184455160
2025-06-19,4,엘리오,2025-06-18,17054,46036,153879100
2025-06-19,5,신명,2025-06-02,11139,641426,102327100
2025-06-19,6,미션 임파서블: 파이널 레코닝,2025-05-17,11016,3228701,108638700
2025-06-19,7,극장판 프로젝트 세카이 부서진 세카이와 전해지지 않는 미쿠의 노래,2025-05-29,3757,66733,31850500
2025-06-19,8,"극장판 뱅드림! 잇츠 마이고!!!!! 후편: 노래하자, 우리가 될 수 있는 노래 & 필름 라이브",2025-06-19,3418,3418,29417460
2025-06-19,9,클리프행어 리마스터드,1993-06-12,1581,5446,9954700
2025-06-19,10,탐정 키엔: 사라진 머리,2025-06-18,1228,2765,13772100
2025-06-20,1,28년 후,2025-06-19,45272,102293,409105640
2025-06-20,2,드래곤 길들이기,2025-06-06,30655,1101277,322615710
2025-06-20,3,하이파이브,2025-05-30,28169,1619718,269102300
2025-06-20,4,엘리오,2025-06-18,24298,70334,236814710
2025-06-20,5,미션 임파서블: 파이널 레코닝,2025-05-17,15822,3244523,163376700
2025-06-20,6,신명,2025-06-02,13628,655054,132994000
2025-06-20,7,퀴어,2025-06-20,4406,4888,45259600
2025-06-20,8,김준수 콘서트 무비 챕터 원 : 레크리에이션,2024-06-05,1736,33094,39928000
2025-06-20,9,클리프행어 리마스터드,1993-06-12,1658,7104,10823200
2025-06-20,10,무명 無名,2025-06-25,1553,6502,12539000
2025-06-21,1,엘리오,2025-06-18,100197,170531,944420550
2025-06-21,2,드래곤 길들이기,2025-06-06,96254,1197531,970975820
2025-06-21,3,28년 후,2025-06-19,79067,181360,711818700
2025-06-21,4,하이파이브,2025-05-30,63142,1682860,611250710
2025-06-21,5,미션 임파서블: 파이널 레코닝,2025-05-17,31517,3276040,323053320
2025-06-21,6,신명,2025-06-02,26505,681559,256519610
2025-06-21,7,알사탕, ,6193,105499,30965000
2025-06-21,8,퀴어,2025-06-20,3422,8310,35569300
2025-06-21,9,릴로 & 스티치,2025-05-21,2236,477831,22118350
2025-06-21,10,인피니트 15주년 콘서트 리미티드 에디션 더 무비,2025-06-11,2200,14570,54999000
2025-06-22,1,엘리오,2025-06-18,87514,258045,819741630
2025-06-22,2,드래곤 길들이기,2025-06-06,86610,1284141,875879280
2025-06-22,3,28년 후,2025-06-19,52607,233967,473963760
2025-06-22,4,하이파이브,2025-05-30,48152,1731012,456495600
2025-06-22,5,미션 임파서블: 파이널 레코닝,2025-05-17,24573,3300613,248051590
2025-06-22,6,신명,2025-06-02,22492,704051,218843470
2025-06-22,7,알사탕, ,5595,111094,27975000
2025-06-22,8,퀴어,2025-06-20,2717,11027,27955200
2025-06-22,9,릴로 & 스티치,2025-05-21,2040,479871,20523700
2025-06-22,10,탐정 키엔: 사라진 머리,2025-06-18,1999,7638,23548300
2025-06-23,1,드래곤 길들이기,2025-06-06,24054,1308195,247545200
2025-06-23,2,28년 후,2025-06-19,18339,252306,166175080
2025-06-23,3,하이파이브,2025-05-30,17083,1748095,158364700
2025-06-23,4,엘리오,2025-06-18,16174,274219,148512660
2025-06-23,5,미션 임파서블: 파이널 레코닝,2025-05-17,10017,3310630,102397250
2025-06-23,6,신명,2025-06-02,8794,712845,81902600
2025-06-23,7,퀴어,2025-06-20,1667,12694,15972300
2025-06-23,8,탐정 키엔: 사라진 머리,2025-06-18,1254,8892,14300900
2025-06-23,9,F1 더 무비,2025-06-25,1204,1828,16902000
2025-06-23,10,인생은 아름다워,1999-03-06,804,154298,7372700
2025-06-24,1,드래곤 길들이기,2025-06-06,24376,1332571,246608360
2025-06-24,2,하이파이브,2025-05-30,17917,1766012,163858900
2025-06-24,3,엘리오,2025-06-18,15659,289878,142353870
2025-06-24,4,28년 후,2025-06-19,15452,267758,140215520
2025-06-24,5,미션 임파서블: 파이널 레코닝,2025-05-17,10098,3320728,97193360
2025-06-24,6,신명,2025-06-02,7826,720671,72276760
2025-06-24,7,F1 더 무비,2025-06-25,2586,4414,40999500
2025-06-24,8,퀴어,2025-06-20,1391,14085,13388500
2025-06-24,9,탐정 키엔: 사라진 머리,2025-06-18,987,9879,10954300
2025-06-24,10,인생은 아름다워,1999-03-06,802,155100,7341400
2025-06-25,1,F1 더 무비,2025-06-25,82917,87331,789270870
2025-06-25,2,노이즈,2025-06-25,28162,30311,229103520
2025-06-25,3,드래곤 길들이기,2025-06-06,25331,1357902,202754810
2025-06-25,4,하이파이브,2025-05-30,14830,1780842,116316500
2025-06-25,5,엘리오,2025-06-18,14502,304380,112262240
2025-06-25,6,28년 후,2025-06-19,12003,279761,95636060
2025-06-25,7,바람계곡의 나우시카,2000-12-30,8855,9397,71193860
2025-06-25,8,미션 임파서블: 파이널 레코닝,2025-05-17,5769,3326497,46596860
2025-06-25,9,신명,2025-06-02,5561,726232,45529500
2025-06-25,10,라이언 일병 구하기,1998-09-12,3958,5619,29661520
2025-06-26,1,F1 더 무비,2025-06-25,47737,135068,523114430
2025-06-26,2,노이즈,2025-06-25,24409,54720,232635140
2025-06-26,3,드래곤 길들이기,2025-06-06,19137,1377039,180823310
2025-06-26,4,하이파이브,2025-05-30,11335,1792177,97881000
2025-06-26,5,엘리오,2025-06-18,10287,314667,90533040
2025-06-26,6,28년 후,2025-06-19,8244,288005,73389300
2025-06-26,7,미션 임파서블: 파이널 레코닝,2025-05-17,4592,3331089,43888100
2025-06-26,8,무명 無名,2025-06-25,4239,15406,39301400
2025-06-26,9,신명,2025-06-02,3882,730114,35452900
2025-06-26,10,바람계곡의 나우시카,2000-12-30,3857,13254,36335800
2025-06-27,1,F1 더 무비,2025-06-25,65986,201054,747148100
2025-06-27,2,노이즈,2025-06-25,31074,85794,306541020
2025-06-27,3,드래곤 길들이기,2025-06-06,24279,1401318,241355740
2025-06-27,4,엘리오,2025-06-18,14548,329215,136053110
2025-06-27,5,하이파이브,2025-05-30,11880,1804057,110073760
2025-06-27,6,28년 후,2025-06-19,10271,298276,91622620
2025-06-27,7,무명 無名,2025-06-25,6878,22284,63779700
2025-06-27,8,미션 임파서블: 파이널 레코닝,2025-05-17,5298,3336387,51503200
2025-06-27,9,신명,2025-06-02,4382,734496,41889660
2025-06-27,10,바람계곡의 나우시카,2000-12-30,3584,16838,35456700
2025-06-28,1,F1 더 무비,2025-06-25,146966,348020,1620866750
2025-06-28,2,드래곤 길들이기,2025-06-06,67400,1468718,647784480
2025-06-28,3,노이즈,2025-06-25,58539,144333,579528050
2025-06-28,4,엘리오,2025-06-18,56210,385425,520450490
2025-06-28,5,하이파이브,2025-05-30,19640,1823697,185129600
2025-06-28,6,28년 후,2025-06-19,14004,312280,125888760
2025-06-28,7,미션 임파서블: 파이널 레코닝,2025-05-17,10003,3346390,96535100
2025-06-28,8,신명,2025-06-02,7179,741675,68727200
2025-06-28,9,무명 無名,2025-06-25,6367,28651,66342500
2025-06-28,10,바람계곡의 나우시카,2000-12-30,5883,22721,64107950
2025-06-29,1,F1 더 무비,2025-06-25,134479,482499,1466046740
2025-06-29,2,드래곤 길들이기,2025-06-06,60683,1529401,580075200
2025-06-29,3,노이즈,2025-06-25,58236,202569,576818010
2025-06-29,4,엘리오,2025-06-18,53779,439204,495963700
2025-06-29,5,하이파이브,2025-05-30,17660,1841357,164841800
2025-06-29,6,28년 후,2025-06-19,10672,322952,95147400
2025-06-29,7,미션 임파서블: 파이널 레코닝,2025-05-17,9196,3355586,88020960
2025-06-29,8,신명,2025-06-02,7278,748953,69934450
2025-06-29,9,바람계곡의 나우시카,2000-12-30,5475,28196,59877400
2025-06-29,10,무명 無名,2025-06-25,4774,33425,48996200
2025-06-30,1,F1 더 무비,2025-06-25,52400,534899,550562670
2025-06-30,2,노이즈,2025-06-25,30389,232958,290539130
2025-06-30,3,드래곤 길들이기,2025-06-06,17846,1547247,169941930
2025-06-30,4,엘리오,2025-06-18,9910,449114,87097930
2025-06-30,5,하이파이브,2025-05-30,7995,1849352,69957100
2025-06-30,6,28년 후,2025-06-19,5438,328390,48449820
2025-06-30,7,미션 임파서블: 파이널 레코닝,2025-05-17,4415,3360001,39750300
2025-06-30,8,신명,2025-06-02,3196,752149,28925700
2025-06-30,9,바람계곡의 나우시카,2000-12-30,2507,30703,23471400
2025-06-30,10,무명 無名,2025-06-25,2136,35561,19558100
2025-07-01,1,F1 더 무비,2025-06-25,46766,581665,505476920
2025-07-01,2,노이즈,2025-06-25,34323,267281,325399500
2025-07-01,3,드래곤 길들이기,2025-06-06,15294,1562541,147392710
2025-07-01,4,엘리오,2025-06-18,8594,457708,76747080
2025-07-01,5,하이파이브,2025-05-30,6387,1855739,58334520
2025-07-01,6,28년 후,2025-06-19,4767,333157,42345200
2025-07-01,7,미션 임파서블: 파이널 레코닝,2025-05-17,3543,3363544,33120500
2025-07-01,8,바람계곡의 나우시카,2000-12-30,2984,33687,27576300
2025-07-01,9,신명,2025-06-02,2817,754966,25480700
2025-07-01,10,무명 無名,2025-06-25,2015,37576,18941300
2025-07-02,1,쥬라기 월드: 새로운 시작,2025-07-02,151106,152804,1417239560
2025-07-02,2,F1 더 무비,2025-06-25,39305,620970,427037450
2025-07-02,3,노이즈,2025-06-25,37693,304974,359553520
2025-07-02,4,드래곤 길들이기,2025-06-06,12894,1575435,122119940
2025-07-02,5,엘리오,2025-06-18,8395,466103,71643960
2025-07-02,6,하이파이브,2025-05-30,3322,1859061,29225650
2025-07-02,7,바람계곡의 나우시카,2000-12-30,2784,36471,24183200
2025-07-02,8,28년 후,2025-06-19,2256,335413,19754800
2025-07-02,9,시네마 천국,1990-07-07,1793,66223,16736500
2025-07-02,10,미션 임파서블: 파이널 레코닝,2025-05-17,1690,3365234,15718100
2025-07-03,1,쥬라기 월드: 새로운 시작,2025-07-02,101850,254654,950174220
2025-07-03,2,노이즈,2025-06-25,42243,347217,402002150
2025-07-03,3,F1 더 무비,2025-06-25,39443,660413,432776870
2025-07-03,4,드래곤 길들이기,2025-06-06,12886,1588321,122379270
2025-07-03,5,엘리오,2025-06-18,6578,472681,57471050
2025-07-03,6,하이파이브,2025-05-30,3475,1862536,31199500
2025-07-03,7,28년 후,2025-06-19,2872,338285,24685300
2025-07-03,8,무명 無名,2025-06-25,2021,41230,18882300
2025-07-03,9,미션 임파서블: 파이널 레코닝,2025-05-17,1914,3367148,16734000
2025-07-03,10,극장판 프로젝트 세카이 부서진 세카이와 전해지지 않는 미쿠의 노래,2025-05-29,1733,79011,14586600
2025-07-04,1,쥬라기 월드: 새로운 시작,2025-07-02,143039,397693,1391233020
2025-07-04,2,노이즈,2025-06-25,78305,425522,772571370
2025-07-04,3,F1 더 무비,2025-06-25,61922,722335,702836410
2025-07-04,4,드래곤 길들이기,2025-06-06,17443,1605764,174716290
2025-07-04,5,엘리오,2025-06-18,8949,481630,80381900
2025-07-04,6,하이파이브,2025-05-30,4558,1867094,43109820
2025-07-04,7,28년 후,2025-06-19,2736,341021,24135600
2025-07-04,8,미션 임파서블: 파이널 레코닝,2025-05-17,2300,3369448,22222000
2025-07-04,9,무명 無名,2025-06-25,2210,43440,21537800
2025-07-04,10,시네마 천국,1990-07-07,1806,69553,17450300
2025-07-05,1,쥬라기 월드: 새로운 시작,2025-07-02,357017,754710,3425578460
2025-07-05,2,F1 더 무비,2025-06-25,135361,857696,1508368870
2025-07-05,3,노이즈,2025-06-25,122932,548454,1202058160
2025-07-05,4,드래곤 길들이기,2025-06-06,40601,1646365,390719110
2025-07-05,5,엘리오,2025-06-18,29908,511538,274303610
2025-07-05,6,바람계곡의 나우시카,2000-12-30,5998,45529,57170170
2025-07-05,7,하이파이브,2025-05-30,5058,1872152,46730000
2025-07-05,8,미션 임파서블: 파이널 레코닝,2025-05-17,4317,3373765,42415660
2025-07-05,9,28년 후,2025-06-19,3081,344102,27889140
2025-07-05,10,시네마 천국,1990-07-07,2710,72263,27666900
2025-07-06,1,쥬라기 월드: 새로운 시작,2025-07-02,304376,1059086,2910705880
2025-07-06,2,노이즈,2025-06-25,125023,673477,1226129470
2025-07-06,3,F1 더 무비,2025-06-25,123378,981074,1367485350
2025-07-06,4,드래곤 길들이기,2025-06-06,39167,1685532,375762710
2025-07-06,5,엘리오,2025-06-18,29559,541097,272042330
2025-07-06,6,하이파이브,2025-05-30,4178,1876330,38898270
2025-07-06,7,미션 임파서블: 파이널 레코닝,2025-05-17,3731,3377496,36345170
2025-07-06,8,무명 無名,2025-06-25,3322,49185,34678600
2025-07-06,9,바람계곡의 나우시카,2000-12-30,3026,48555,29893000
2025-07-06,10,알사탕, ,2342,126815,11710000
2025-07-07,1,쥬라기 월드: 새로운 시작,2025-07-02,65659,1124745,619085860
2025-07-07,2,노이즈,2025-06-25,50668,724145,486935520
2025-07-07,3,F1 더 무비,2025-06-25,42632,1023706,472671880
2025-07-07,4,드래곤 길들이기,2025-06-06,9277,1694809,89153260
2025-07-07,5,엘리오,2025-06-18,3947,545044,35567420
2025-07-07,6,하이파이브,2025-05-30,2209,1878539,19129600
2025-07-07,7,미션 임파서블: 파이널 레코닝,2025-05-17,1626,3379122,15521600
2025-07-07,8,무명 無名,2025-06-25,1562,50747,14847100
2025-07-07,9,신명,2025-06-02,1554,764523,13968700
2025-07-07,10,바람계곡의 나우시카,2000-12-30,1284,49839,11688200
2025-07-08,1,쥬라기 월드: 새로운 시작,2025-07-02,59794,1184539,562664730
2025-07-08,2,노이즈,2025-06-25,52506,776651,501519190
2025-07-08,3,F1 더 무비,2025-06-25,45102,1068808,508198320
2025-07-08,4,드래곤 길들이기,2025-06-06,9846,1704655,94596740
2025-07-08,5,엘리오,2025-06-18,5558,550602,48754700
2025-07-08,6,신명,2025-06-02,2891,767414,24640400
2025-07-08,7,하이파이브,2025-05-30,2847,1881386,25495100
2025-07-08,8,바람계곡의 나우시카,2000-12-30,1869,51708,16672300
2025-07-08,9,무명 無名,2025-06-25,1686,52433,15922600
2025-07-08,10,미션 임파서블: 파이널 레코닝,2025-05-17,1628,3380750,15125100
2025-07-09,1,슈퍼맨,2025-07-09,92940,93951,935617870
2025-07-09,2,노이즈,2025-06-25,50455,827106,484195150
2025-07-09,3,쥬라기 월드: 새로운 시작,2025-07-02,48181,1232720,447797080
2025-07-09,4,F1 더 무비,2025-06-25,31493,1100301,308655420
2025-07-09,5,괴기열차,2025-07-09,12919,13425,117124060
2025-07-09,6,드래곤 길들이기,2025-06-06,6043,1710698,56507040
2025-07-09,7,엘리오,2025-06-18,4132,554734,33258900
2025-07-09,8,킹 오브 킹스,2025-07-16,1932,8060,19022000
2025-07-09,9,신명,2025-06-02,1870,769284,15655100
2025-07-09,10,바람계곡의 나우시카,2000-12-30,1501,53209,12699400
2025-07-10,1,슈퍼맨,2025-07-09,56911,150862,570423280
2025-07-10,2,쥬라기 월드: 새로운 시작,2025-07-02,47093,1279813,431694100
2025-07-10,3,노이즈,2025-06-25,42939,870045,413017310
2025-07-10,4,F1 더 무비,2025-06-25,33258,1133559,331986450
2025-07-10,5,괴기열차,2025-07-09,10012,23437,91435000
2025-07-10,6,드래곤 길들이기,2025-06-06,5682,1716380,53395040
2025-07-10,7,엘리오,2025-06-18,4094,558828,32870260
2025-07-10,8,영화 코바야시네 메이드래곤 외로움쟁이 용,2025-07-10,2811,3198,24212300
2025-07-10,9,극장판 프로젝트 세카이 부서진 세카이와 전해지지 않는 미쿠의 노래,2025-05-29,1771,84265,14290600
2025-07-10,10,신명,2025-06-02,1636,770920,13941100
2025-07-11,1,슈퍼맨,2025-07-09,78140,229002,808346860
2025-07-11,2,쥬라기 월드: 새로운 시작,2025-07-02,74419,1354232,705558420
2025-07-11,3,노이즈,2025-06-25,58791,928836,585997790
2025-07-11,4,F1 더 무비,2025-06-25,51431,1184990,530103600
2025-07-11,5,괴기열차,2025-07-09,11500,34937,109290630
2025-07-11,6,드래곤 길들이기,2025-06-06,6406,1722786,61184940
2025-07-11,7,엘리오,2025-06-18,4446,563274,35522900
2025-07-11,8,델마와 루이스 ,1993-11-27,2597,22409,26323500
2025-07-11,9,신명,2025-06-02,2099,773019,17953400
2025-07-11,10,무명 無名,2025-06-25,1578,56401,15858700
2025-07-12,1,쥬라기 월드: 새로운 시작,2025-07-02,204822,1559054,1956391950
2025-07-12,2,슈퍼맨,2025-07-09,178255,407257,1846572430
2025-07-12,3,노이즈,2025-06-25,134909,1063745,1334444760
2025-07-12,4,F1 더 무비,2025-06-25,116073,1301063,1196152480
2025-07-12,5,괴기열차,2025-07-09,17592,52529,169499100
2025-07-12,6,드래곤 길들이기,2025-06-06,17546,1740332,170102510
2025-07-12,7,엘리오,2025-06-18,14045,577319,130156420
2025-07-12,8,극장판 도라에몽: 진구의 그림이야기,2025-07-16,6258,6564,48801700
2025-07-12,9,명탐정 코난: 척안의 잔상,2025-07-16,4609,4609,55346500
2025-07-12,10,세븐틴 월드 투어 '비 더 선',2025-07-10,2361,4293,47220000
2025-07-13,1,쥬라기 월드: 새로운 시작,2025-07-02,176890,1735944,1683306450
2025-07-13,2,슈퍼맨,2025-07-09,141172,548429,1435543050
2025-07-13,3,노이즈,2025-06-25,119910,1183655,1191105860
2025-07-13,4,F1 더 무비,2025-06-25,106175,1407238,1086345540
2025-07-13,5,드래곤 길들이기,2025-06-06,18443,1758775,177521760
2025-07-13,6,괴기열차,2025-07-09,15419,67948,145309300
2025-07-13,7,엘리오,2025-06-18,14426,591745,133129700
2025-07-13,8,극장판 도라에몽: 진구의 그림이야기,2025-07-16,5599,12163,45586800
2025-07-13,9,명탐정 코난: 척안의 잔상,2025-07-16,4803,9412,56747300
2025-07-13,10,신명,2025-06-02,2580,777701,22511700
2025-07-14,1,F1 더 무비,2025-06-25,25372,1432610,258670920
2025-07-14,2,노이즈,2025-06-25,25033,1208688,243533010
2025-07-14,3,슈퍼맨,2025-07-09,24345,572774,230222220
2025-07-14,4,쥬라기 월드: 새로운 시작,2025-07-02,23981,1759925,222312760
2025-07-14,5,괴기열차,2025-07-09,3727,71675,33688900
2025-07-14,6,드래곤 길들이기,2025-06-06,2927,1761702,28542340
2025-07-14,7,엘리오,2025-06-18,1185,592930,9250200
2025-07-14,8,라이언 일병 구하기,1998-09-12,949,27283,5879800
2025-07-14,9,무명 無名,2025-06-25,843,60074,8075400
2025-07-14,10,영화 코바야시네 메이드래곤 외로움쟁이 용,2025-07-10,719,9422,7066200
2025-07-15,1,F1 더 무비,2025-06-25,32066,1464676,328431410
2025-07-15,2,쥬라기 월드: 새로운 시작,2025-07-02,29147,1789072,275550560
2025-07-15,3,슈퍼맨,2025-07-09,28476,601250,291699840
2025-07-15,4,노이즈,2025-06-25,27846,1236534,274891500
2025-07-15,5,괴기열차,2025-07-09,4284,75959,39794320
2025-07-15,6,드래곤 길들이기,2025-06-06,3953,1765655,38218600
2025-07-15,7,엘리오,2025-06-18,1785,594715,13877400
2025-07-15,8,신명,2025-06-02,1631,779927,13316900
2025-07-15,9,전지적 독자 시점,2025-07-23,1048,1048,12328000
2025-07-15,10,무명 無名,2025-06-25,975,61049,9042900
2025-07-16,1,명탐정 코난: 척안의 잔상,2025-07-16,71522,80934,690420390
2025-07-16,2,F1 더 무비,2025-06-25,38208,1502884,417237610
2025-07-16,3,킹 오브 킹스,2025-07-16,37732,50992,345561430
2025-07-16,4,노이즈,2025-06-25,27070,1263604,263894440
2025-07-16,5,쥬라기 월드: 새로운 시작,2025-07-02,26080,1815152,239881080
2025-07-16,6,슈퍼맨,2025-07-09,22721,623971,216284180
2025-07-16,7,28년 후,2025-06-19,11122,361365,108086300
2025-07-16,8,극장판 도라에몽: 진구의 그림이야기,2025-07-16,5058,17264,36266400
2025-07-16,9,메간 2.0,2025-07-16,2905,3181,27028600
2025-07-16,10,커미션,2025-07-16,2688,3063,15861500
2025-07-17,1,F1 더 무비,2025-06-25,37882,1540766,413543780
2025-07-17,2,명탐정 코난: 척안의 잔상,2025-07-16,35701,116635,342634550
2025-07-17,3,킹 오브 킹스,2025-07-16,34034,85026,310305720
2025-07-17,4,노이즈,2025-06-25,24865,1288469,243051900
2025-07-17,5,쥬라기 월드: 새로운 시작,2025-07-02,24124,1839276,222728690
2025-07-17,6,슈퍼맨,2025-07-09,19295,643266,185389410
2025-07-17,7,이상한 집,2025-07-17,3731,3731,31637900
2025-07-17,8,극장판 도라에몽: 진구의 그림이야기,2025-07-16,2978,20242,22461300
2025-07-17,9,드래곤 길들이기,2025-06-06,2242,1769551,18870550
2025-07-17,10,메간 2.0,2025-07-16,2147,5328,20273300
2025-07-18,1,F1 더 무비,2025-06-25,67613,1608379,760337380
2025-07-18,2,노이즈,2025-06-25,53284,1341753,535545120
2025-07-18,3,명탐정 코난: 척안의 잔상,2025-07-16,45734,162369,453686050
2025-07-18,4,킹 오브 킹스,2025-07-16,40476,125502,382715920
2025-07-18,5,쥬라기 월드: 새로운 시작,2025-07-02,35557,1874833,344023090
2025-07-18,6,슈퍼맨,2025-07-09,27802,671068,277324110
2025-07-18,7,이상한 집,2025-07-17,3957,7688,37374800
2025-07-18,8,극장판 도라에몽: 진구의 그림이야기,2025-07-16,3871,24113,32268900
2025-07-18,9,괴기열차,2025-07-09,3611,83266,33117200
2025-07-18,10,메간 2.0,2025-07-16,3060,8388,29571850
2025-07-19,1,F1 더 무비,2025-06-25,138875,1747254,1529334790
2025-07-19,2,킹 오브 킹스,2025-07-16,134857,260359,1271583360
2025-07-19,3,명탐정 코난: 척안의 잔상,2025-07-16,90413,252782,884997540
2025-07-19,4,쥬라기 월드: 새로운 시작,2025-07-02,89799,1964632,866227030
2025-07-19,5,노이즈,2025-06-25,73677,1415430,732469510
2025-07-19,6,슈퍼맨,2025-07-09,57253,728321,569233490
2025-07-19,7,극장판 도라에몽: 진구의 그림이야기,2025-07-16,12257,36370,107079100
2025-07-19,8,괴기열차,2025-07-09,5283,88549,49403700
2025-07-19,9,이상한 집,2025-07-17,4076,11764,37962900
2025-07-19,10,메간 2.0,2025-07-16,4050,12438,38930600
2025-07-20,1,킹 오브 킹스,2025-07-16,128040,388399,1239556340
2025-07-20,2,F1 더 무비,2025-06-25,126389,1873643,1378519980
2025-07-20,3,쥬라기 월드: 새로운 시작,2025-07-02,74107,2038739,712288370
2025-07-20,4,명탐정 코난: 척안의 잔상,2025-07-16,71319,324101,699444840
2025-07-20,5,노이즈,2025-06-25,64715,1480145,643960960
2025-07-20,6,슈퍼맨,2025-07-09,46873,775194,464528100
2025-07-20,7,극장판 도라에몽: 진구의 그림이야기,2025-07-16,11687,48057,103488300
2025-07-20,8,괴기열차,2025-07-09,3986,92535,35999000
2025-07-20,9,이상한 집,2025-07-17,3578,15342,33267400
2025-07-20,10,메간 2.0,2025-07-16,3452,15890,33649200
2025-07-21,1,F1 더 무비,2025-06-25,50921,1924564,544933480
2025-07-21,2,명탐정 코난: 척안의 잔상,2025-07-16,29196,353297,276717050
2025-07-21,3,킹 오브 킹스,2025-07-16,27646,416045,250242750
2025-07-21,4,노이즈,2025-06-25,27182,1507327,261788750
2025-07-21,5,쥬라기 월드: 새로운 시작,2025-07-02,19921,2058660,185786220
2025-07-21,6,슈퍼맨,2025-07-09,14061,789255,136150580
2025-07-21,7,전지적 독자 시점,2025-07-23,3142,4768,28566000
2025-07-21,8,괴기열차,2025-07-09,2231,94766,19820300
2025-07-21,9,극장판 도라에몽: 진구의 그림이야기,2025-07-16,1833,49890,15926600
2025-07-21,10,메간 2.0,2025-07-16,1803,17693,16885300
2025-07-22,1,F1 더 무비,2025-06-25,53571,1978135,579052340
2025-07-22,2,킹 오브 킹스,2025-07-16,27968,444013,250299400
2025-07-22,3,명탐정 코난: 척안의 잔상,2025-07-16,25704,379001,243381820
2025-07-22,4,노이즈,2025-06-25,24353,1531680,234830660
2025-07-22,5,쥬라기 월드: 새로운 시작,2025-07-02,18222,2076882,168585920
2025-07-22,6,슈퍼맨,2025-07-09,12705,801960,123127760
2025-07-22,7,괴기열차,2025-07-09,2107,96873,18243500
2025-07-22,8,커미션,2025-07-16,2033,11601,10366700
2025-07-22,9,극장판 도라에몽: 진구의 그림이야기,2025-07-16,1902,51792,16388600
2025-07-22,10,메간 2.0,2025-07-16,1796,19489,16627100
2025-07-23,1,전지적 독자 시점,2025-07-23,122476,127416,1135914640
2025-07-23,2,F1 더 무비,2025-06-25,40786,2018921,397913920
2025-07-23,3,명탐정 코난: 척안의 잔상,2025-07-16,26837,405838,243114320
2025-07-23,4,킹 오브 킹스,2025-07-16,22317,466330,198363970
2025-07-23,5,노이즈,2025-06-25,16914,1548594,161840610
2025-07-23,6,쥬라기 월드: 새로운 시작,2025-07-02,11888,2088770,107609960
2025-07-23,7,슈퍼맨,2025-07-09,7858,809818,73413040
2025-07-23,8,좀비딸,2025-07-30,3257,4734,29533000
2025-07-23,9,극장판 도라에몽: 진구의 그림이야기,2025-07-16,2976,54768,21638400
2025-07-23,10,대탈출 : 더 스토리 특별판,2025-07-23,1583,1583,15723500
2025-07-24,1,전지적 독자 시점,2025-07-23,73102,200518,665401920
2025-07-24,2,판타스틱 4: 새로운 출발,2025-07-24,72687,73313,724521830
2025-07-24,3,F1 더 무비,2025-06-25,34642,2053563,335886890
2025-07-24,4,킹 오브 킹스,2025-07-16,24062,490392,214001660
2025-07-24,5,명탐정 코난: 척안의 잔상,2025-07-16,17743,423581,163178220
2025-07-24,6,노이즈,2025-06-25,13493,1562087,130286610
2025-07-24,7,쥬라기 월드: 새로운 시작,2025-07-02,8020,2096790,73602760
2025-07-24,8,베베핀 극장판: 사라진 베베핀과 핑크퐁 대모험,2025-07-24,7890,14564,59456200
2025-07-24,9,좀비딸,2025-07-30,6487,11221,58968000
2025-07-24,10,슈퍼맨,2025-07-09,4246,814064,39735920
2025-07-25,1,전지적 독자 시점,2025-07-23,80688,281206,829372410
2025-07-25,2,판타스틱 4: 새로운 출발,2025-07-24,61400,134713,701593320
2025-07-25,3,F1 더 무비,2025-06-25,58786,2112349,630541140
2025-07-25,4,킹 오브 킹스,2025-07-16,31214,521606,296350320
2025-07-25,5,명탐정 코난: 척안의 잔상,2025-07-16,21039,444620,215372550
2025-07-25,6,노이즈,2025-06-25,16874,1578961,181073000
2025-07-25,7,좀비딸,2025-07-30,10489,21710,93977000
2025-07-25,8,쥬라기 월드: 새로운 시작,2025-07-02,10089,2106879,99634520
2025-07-25,9,베베핀 극장판: 사라진 베베핀과 핑크퐁 대모험,2025-07-24,6935,21499,57714400
2025-07-25,10,슈퍼맨,2025-07-09,5395,819459,55901800
2025-07-26,1,전지적 독자 시점,2025-07-23,185014,466220,1947479780
2025-07-26,2,F1 더 무비,2025-06-25,141590,2253939,1580343850
2025-07-26,3,판타스틱 4: 새로운 출발,2025-07-24,115275,249988,1340216350
2025-07-26,4,킹 오브 킹스,2025-07-16,99405,621011,978777056
2025-07-26,5,명탐정 코난: 척안의 잔상,2025-07-16,41115,485735,435191070
2025-07-26,6,노이즈,2025-06-25,31225,1610186,336194410
2025-07-26,7,쥬라기 월드: 새로운 시작,2025-07-02,28107,2134986,292287120
2025-07-26,8,베베핀 극장판: 사라진 베베핀과 핑크퐁 대모험,2025-07-24,22880,44379,224277420
2025-07-26,9,슈퍼맨,2025-07-09,11264,830723,121392970
2025-07-26,10,배드 가이즈 2,2025-07-30,9734,10736,97340000
2025-07-27,1,전지적 독자 시점,2025-07-23,161585,627805,1692330330
2025-07-27,2,F1 더 무비,2025-06-25,139760,2393699,1521982450
2025-07-27,3,킹 오브 킹스,2025-07-16,109051,730062,1077770960
2025-07-27,4,판타스틱 4: 새로운 출발,2025-07-24,92345,342333,1038785470
2025-07-27,5,명탐정 코난: 척안의 잔상,2025-07-16,37450,523185,389081760
2025-07-27,6,노이즈,2025-06-25,27614,1637800,296196710
2025-07-27,7,쥬라기 월드: 새로운 시작,2025-07-02,27523,2162509,280560300
2025-07-27,8,베베핀 극장판: 사라진 베베핀과 핑크퐁 대모험,2025-07-24,24731,69110,241177560
2025-07-27,9,슈퍼맨,2025-07-09,10491,841214,111357990
2025-07-27,10,극장판 도라에몽: 진구의 그림이야기,2025-07-16,6906,71949,69809100
2025-07-28,1,F1 더 무비,2025-06-25,63659,2457358,660060750
2025-07-28,2,전지적 독자 시점,2025-07-23,59669,687474,587435170
2025-07-28,3,킹 오브 킹스,2025-07-16,36397,766459,342355040
2025-07-28,4,판타스틱 4: 새로운 출발,2025-07-24,34121,376454,365300120
2025-07-28,5,명탐정 코난: 척안의 잔상,2025-07-16,19627,542812,196577080
2025-07-28,6,베베핀 극장판: 사라진 베베핀과 핑크퐁 대모험,2025-07-24,13355,82465,124628060
2025-07-28,7,노이즈,2025-06-25,13287,1651087,135474700
2025-07-28,8,쥬라기 월드: 새로운 시작,2025-07-02,11961,2174470,115909750
2025-07-28,9,슈퍼맨,2025-07-09,4812,846026,48125700
2025-07-28,10,극장판 도라에몽: 진구의 그림이야기,2025-07-16,4378,76327,41149000
2025-07-29,1,F1 더 무비,2025-06-25,62129,2519487,633185930
2025-07-29,2,전지적 독자 시점,2025-07-23,54880,742354,523181410
2025-07-29,3,킹 오브 킹스,2025-07-16,37752,804211,347699530
2025-07-29,4,판타스틱 4: 새로운 출발,2025-07-24,29823,406277,312074730
2025-07-29,5,명탐정 코난: 척안의 잔상,2025-07-16,18785,561597,184786260
2025-07-29,6,쥬라기 월드: 새로운 시작,2025-07-02,13475,2187945,127334190
2025-07-29,7,베베핀 극장판: 사라진 베베핀과 핑크퐁 대모험,2025-07-24,12614,95079,114699140
2025-07-29,8,노이즈,2025-06-25,12344,1663431,123836220
2025-07-29,9,슈퍼맨,2025-07-09,5194,851220,50904960
2025-07-29,10,극장판 도라에몽: 진구의 그림이야기,2025-07-16,5009,81336,45780700
2025-07-30,1,좀비딸,2025-07-30,430087,462004,3382105980
2025-07-30,2,F1 더 무비,2025-06-25,118128,2637615,1012627340
2025-07-30,3,전지적 독자 시점,2025-07-23,83986,826340,638804720
2025-07-30,4,판타스틱 4: 새로운 출발,2025-07-24,49817,456094,418099820
2025-07-30,5,배드 가이즈 2,2025-07-30,41505,52241,353484000
2025-07-30,6,킹 오브 킹스,2025-07-16,40873,845084,334655050
2025-07-30,7,명탐정 코난: 척안의 잔상,2025-07-16,30317,591914,257162880
2025-07-30,8,베베핀 극장판: 사라진 베베핀과 핑크퐁 대모험,2025-07-24,12178,107257,108085500
2025-07-30,9,노이즈,2025-06-25,9231,1672662,76230200
2025-07-30,10,쥬라기 월드: 새로운 시작,2025-07-02,6167,2194112,50536900
2025-07-31,1,좀비딸,2025-07-30,240977,702981,2239085420
2025-07-31,2,F1 더 무비,2025-06-25,74681,2712296,766131070
2025-07-31,3,배드 가이즈 2,2025-07-30,33508,85749,293632730
2025-07-31,4,킹 오브 킹스,2025-07-16,31858,876942,291583670
2025-07-31,5,전지적 독자 시점,2025-07-23,31110,857450,289106280
2025-07-31,6,판타스틱 4: 새로운 출발,2025-07-24,17217,473311,184267900
2025-07-31,7,명탐정 코난: 척안의 잔상,2025-07-16,14597,606511,141020400
2025-07-31,8,베베핀 극장판: 사라진 베베핀과 핑크퐁 대모험,2025-07-24,10157,117414,91729150
2025-07-31,9,고고다이노 극장판: 게코도마뱀의 꿈,2025-07-30,5639,13669,49048300
2025-07-31,10,노이즈,2025-06-25,5473,1678135,54361700
2025-08-01,1,좀비딸,2025-07-30,269926,972907,2642987300
2025-08-01,2,F1 더 무비,2025-06-25,89628,2801924,980755430
2025-08-01,3,전지적 독자 시점,2025-07-23,34672,892122,275681760
2025-08-01,4,킹 오브 킹스,2025-07-16,30479,907421,294363790
2025-08-01,5,배드 가이즈 2,2025-07-30,30205,115954,277123280
2025-08-01,6,판타스틱 4: 새로운 출발,2025-07-24,18431,491742,208116700
2025-08-01,7,명탐정 코난: 척안의 잔상,2025-07-16,12885,619396,133240290
2025-08-01,8,베베핀 극장판: 사라진 베베핀과 핑크퐁 대모험,2025-07-24,9674,127088,91333740
2025-08-01,9,고고다이노 극장판: 게코도마뱀의 꿈,2025-07-30,5755,19424,50658200
2025-08-01,10,노이즈,2025-06-25,5310,1683445,56503380
2025-08-02,1,좀비딸,2025-07-30,479554,1452461,4748776780
2025-08-02,2,F1 더 무비,2025-06-25,158388,2960312,1718915120
2025-08-02,3,킹 오브 킹스,2025-07-16,50662,958083,490394390
2025-08-02,4,전지적 독자 시점,2025-07-23,46726,938848,403397380
2025-08-02,5,배드 가이즈 2,2025-07-30,42602,158556,395298390
2025-08-02,6,판타스틱 4: 새로운 출발,2025-07-24,28811,520553,341559680
2025-08-02,7,명탐정 코난: 척안의 잔상,2025-07-16,17343,636739,178985270
2025-08-02,8,베베핀 극장판: 사라진 베베핀과 핑크퐁 대모험,2025-07-24,13909,140997,134352370
2025-08-02,9,고고다이노 극장판: 게코도마뱀의 꿈,2025-07-30,7138,26562,64232100
2025-08-02,10,노이즈,2025-06-25,5980,1689425,62544500
2025-08-03,1,좀비딸,2025-07-30,416247,1868708,4096460710
2025-08-03,2,F1 더 무비,2025-06-25,136329,3096641,1473020630
2025-08-03,3,킹 오브 킹스,2025-07-16,56994,1015077,556527900
2025-08-03,4,배드 가이즈 2,2025-07-30,42372,200928,392952870
2025-08-03,5,전지적 독자 시점,2025-07-23,35027,973875,302703820
2025-08-03,6,판타스틱 4: 새로운 출발,2025-07-24,21084,541637,245565340
2025-08-03,7,베베핀 극장판: 사라진 베베핀과 핑크퐁 대모험,2025-07-24,14768,155765,140610980
2025-08-03,8,명탐정 코난: 척안의 잔상,2025-07-16,14527,651266,148109050
2025-08-03,9,고고다이노 극장판: 게코도마뱀의 꿈,2025-07-30,7139,33701,66482500
2025-08-03,10,노이즈,2025-06-25,5413,1694838,57923400
2025-08-04,1,좀비딸,2025-07-30,184865,2053573,1749510760
2025-08-04,2,F1 더 무비,2025-06-25,64765,3161406,669608030
2025-08-04,3,킹 오브 킹스,2025-07-16,16580,1031657,156242310
2025-08-04,4,배드 가이즈 2,2025-07-30,15676,216604,139812800
2025-08-04,5,전지적 독자 시점,2025-07-23,14196,988071,112922600
2025-08-04,6,판타스틱 4: 새로운 출발,2025-07-24,9819,551456,106014120
2025-08-04,7,명탐정 코난: 척안의 잔상,2025-07-16,7701,658967,76628600
2025-08-04,8,베베핀 극장판: 사라진 베베핀과 핑크퐁 대모험,2025-07-24,5617,161382,51143860
2025-08-04,9,고고다이노 극장판: 게코도마뱀의 꿈,2025-07-30,3031,36732,27595600
2025-08-04,10,노이즈,2025-06-25,2454,1697292,24818100
2025-08-05,1,좀비딸,2025-07-30,167653,2221226,1560379370
2025-08-05,2,F1 더 무비,2025-06-25,58805,3220211,606853370
2025-08-05,3,킹 오브 킹스,2025-07-16,16639,1048296,151771600
2025-08-05,4,배드 가이즈 2,2025-07-30,14675,231279,128163710
2025-08-05,5,전지적 독자 시점,2025-07-23,13503,1001574,104970880
2025-08-05,6,판타스틱 4: 새로운 출발,2025-07-24,8697,560153,93784630
2025-08-05,7,명탐정 코난: 척안의 잔상,2025-07-16,7842,666809,76885900
2025-08-05,8,베베핀 극장판: 사라진 베베핀과 핑크퐁 대모험,2025-07-24,5250,166632,46541200
2025-08-05,9,노이즈,2025-06-25,2553,1699845,25648700
2025-08-05,10,고고다이노 극장판: 게코도마뱀의 꿈,2025-07-30,2489,39221,22455100
2025-08-06,1,좀비딸,2025-07-30,151530,2372756,1402250710
2025-08-06,2,F1 더 무비,2025-06-25,53650,3273861,586726260
2025-08-06,3,발레리나,2025-08-06,43395,52175,404159440
2025-08-06,4,스머프,2025-08-06,15505,16620,131766240
2025-08-06,5,킹 오브 킹스,2025-07-16,11583,1059879,104121500
2025-08-06,6,배드 가이즈 2,2025-07-30,10978,242257,94935280
2025-08-06,7,강령: 귀신놀이,2025-08-06,9159,10067,86031200
2025-08-06,8,전지적 독자 시점,2025-07-23,7421,1008995,56579100
2025-08-06,9,명탐정 코난: 척안의 잔상,2025-07-16,6723,673532,67507200
2025-08-06,10,야당: 익스텐디드 컷,2025-08-06,5215,5365,45049000
2025-08-07,1,좀비딸,2025-07-30,135685,2508441,1255600400
2025-08-07,2,F1 더 무비,2025-06-25,49999,3323860,542627880
2025-08-07,3,발레리나,2025-08-06,25629,77804,244067220
2025-08-07,4,킹 오브 킹스,2025-07-16,12168,1072047,110465800
2025-08-07,5,스머프,2025-08-06,11033,27653,94113120
2025-08-07,6,배드 가이즈 2,2025-07-30,9672,251929,82901150
2025-08-07,7,전지적 독자 시점,2025-07-23,6435,1015430,49927440
2025-08-07,8,강령: 귀신놀이,2025-08-06,6134,16201,57805000
2025-08-07,9,명탐정 코난: 척안의 잔상,2025-07-16,5164,678696,51026500
2025-08-07,10,판타스틱 4: 새로운 출발,2025-07-24,3985,567810,36404030
2025-08-08,1,좀비딸,2025-07-30,161210,2669651,1554602860
2025-08-08,2,F1 더 무비,2025-06-25,65792,3389652,753707840
2025-08-08,3,발레리나,2025-08-06,27267,105071,273900320
2025-08-08,4,킹 오브 킹스,2025-07-16,13223,1085270,125541990
2025-08-08,5,스머프,2025-08-06,10991,38644,95810080
2025-08-08,6,배드 가이즈 2,2025-07-30,8648,260577,76575400
2025-08-08,7,머티리얼리스트,2025-08-08,7585,8059,63903550
2025-08-08,8,전지적 독자 시점,2025-07-23,6748,1022178,51449600
2025-08-08,9,강령: 귀신놀이,2025-08-06,6369,22570,61988700
2025-08-08,10,명탐정 코난: 척안의 잔상,2025-07-16,4746,683442,49261200
2025-08-09,1,좀비딸,2025-07-30,354254,3023905,3470461650
2025-08-09,2,F1 더 무비,2025-06-25,132816,3522468,1527265620
2025-08-09,3,발레리나,2025-08-06,46277,151348,475571550
2025-08-09,4,킹 오브 킹스,2025-07-16,33303,1118573,318098530
2025-08-09,5,스머프,2025-08-06,25672,64316,234929060
2025-08-09,6,배드 가이즈 2,2025-07-30,21772,282349,200536050
2025-08-09,7,강령: 귀신놀이,2025-08-06,9922,32492,102066600
2025-08-09,8,전지적 독자 시점,2025-07-23,9238,1031416,70166800
2025-08-09,9,명탐정 코난: 척안의 잔상,2025-07-16,9151,692593,94706800
2025-08-09,10,베베핀 극장판: 사라진 베베핀과 핑크퐁 대모험,2025-07-24,7504,183230,72536730
2025-08-10,1,좀비딸,2025-07-30,324844,3348749,3162350820
2025-08-10,2,F1 더 무비,2025-06-25,120212,3642680,1361123650
2025-08-10,3,킹 오브 킹스,2025-07-16,38616,1157189,368021880
2025-08-10,4,발레리나,2025-08-06,35844,187192,365076940
2025-08-10,5,스머프,2025-08-06,26920,91236,245876300
2025-08-10,6,배드 가이즈 2,2025-07-30,23048,305397,212846280
2025-08-10,7,전지적 독자 시점,2025-07-23,13696,1045112,140393120
2025-08-10,8,강령: 귀신놀이,2025-08-06,9862,42354,101891500
2025-08-10,9,베베핀 극장판: 사라진 베베핀과 핑크퐁 대모험,2025-07-24,8171,191401,79513200
2025-08-10,10,명탐정 코난: 척안의 잔상,2025-07-16,7775,700368,79999330
2025-08-11,1,좀비딸,2025-07-30,104952,3453701,985869650
2025-08-11,2,F1 더 무비,2025-06-25,45691,3688371,502740150
2025-08-11,3,발레리나,2025-08-06,14612,201804,144233060
2025-08-11,4,킹 오브 킹스,2025-07-16,6983,1164172,65426060
2025-08-11,5,스머프,2025-08-06,5463,96699,47652410
2025-08-11,6,배드 가이즈 2,2025-07-30,5092,310489,44661800
2025-08-11,7,명탐정 코난: 척안의 잔상,2025-07-16,3868,704236,38979300
2025-08-11,8,강령: 귀신놀이,2025-08-06,3808,46162,38886800
2025-08-11,9,전지적 독자 시점,2025-07-23,3363,1048475,25854600
2025-08-11,10,머티리얼리스트,2025-08-08,2728,23276,24951200
2025-08-12,1,좀비딸,2025-07-30,100261,3553962,931562460
2025-08-12,2,F1 더 무비,2025-06-25,43886,3732257,483093270
2025-08-12,3,발레리나,2025-08-06,14706,216510,141559160
2025-08-12,4,킹 오브 킹스,2025-07-16,7416,1171588,67318780
2025-08-12,5,배드 가이즈 2,2025-07-30,6467,316956,55969600
2025-08-12,6,스머프,2025-08-06,6172,102871,52434650
2025-08-12,7,강령: 귀신놀이,2025-08-06,3943,50105,37881800
2025-08-12,8,명탐정 코난: 척안의 잔상,2025-07-16,3756,707992,37783900
2025-08-12,9,전지적 독자 시점,2025-07-23,3491,1051966,26996300
2025-08-12,10,머티리얼리스트,2025-08-08,2879,26155,24817100
2025-08-13,1,좀비딸,2025-07-30,90507,3644469,841126110
2025-08-13,2,악마가 이사왔다,2025-08-13,48534,53283,448363600
2025-08-13,3,F1 더 무비,2025-06-25,41581,3773838,460352280
2025-08-13,4,식스데이즈,2025-08-13,15344,15908,337568000
2025-08-13,5,긴키 지방의 어느 장소에 대하여,2025-08-13,14146,14146,138286800
2025-08-13,6,발레리나,2025-08-06,8780,225290,85916700
2025-08-13,7,킹 오브 킹스,2025-07-16,5932,1177520,54110800
2025-08-13,8,스머프,2025-08-06,4552,107423,36533120
2025-08-13,9,배드 가이즈 2,2025-07-30,4407,321363,37411900
2025-08-13,10,명탐정 코난: 척안의 잔상,2025-07-16,3068,711060,30421500
2025-08-14,1,좀비딸,2025-07-30,110953,3755422,1033103130
2025-08-14,2,F1 더 무비,2025-06-25,56882,3830720,631740540
2025-08-14,3,악마가 이사왔다,2025-08-13,39110,92393,355183570
2025-08-14,4,긴키 지방의 어느 장소에 대하여,2025-08-13,14359,28505,139953120
2025-08-14,5,발레리나,2025-08-06,11948,237238,116711770
2025-08-14,6,킹 오브 킹스,2025-07-16,7070,1184590,64316550
2025-08-14,7,배드 가이즈 2,2025-07-30,5250,326613,45529100
2025-08-14,8,식스데이즈,2025-08-13,4773,20681,105006000
2025-08-14,9,스머프,2025-08-06,4731,112154,38432870
2025-08-14,10,머티리얼리스트,2025-08-08,3161,31305,25815760
2025-08-15,1,좀비딸,2025-07-30,290709,4046131,2835148970
2025-08-15,2,F1 더 무비,2025-06-25,140886,3971606,1598074170
2025-08-15,3,악마가 이사왔다,2025-08-13,73914,166307,720667880
2025-08-15,4,긴키 지방의 어느 장소에 대하여,2025-08-13,24374,52879,251920180
2025-08-15,5,킹 오브 킹스,2025-07-16,21818,1206408,210550250
2025-08-15,6,스머프,2025-08-06,19243,131397,177210590
2025-08-15,7,발레리나,2025-08-06,19142,256380,196316400
2025-08-15,8,배드 가이즈 2,2025-07-30,17719,344332,163500090
2025-08-15,9,식스데이즈,2025-08-13,5415,26096,119130000
2025-08-15,10,베베핀 극장판: 사라진 베베핀과 핑크퐁 대모험,2025-07-24,5057,202760,50994500
2025-08-16,1,좀비딸,2025-07-30,261583,4307714,2569869840
2025-08-16,2,F1 더 무비,2025-06-25,130471,4102077,1462043500
2025-08-16,3,악마가 이사왔다,2025-08-13,57897,224204,572753440
2025-08-16,4,긴키 지방의 어느 장소에 대하여,2025-08-13,25833,78712,269824960
2025-08-16,5,발레리나,2025-08-06,18151,274531,186195060
2025-08-16,6,킹 오브 킹스,2025-07-16,17779,1224187,168246630
2025-08-16,7,배드 가이즈 2,2025-07-30,12506,356838,116708880
2025-08-16,8,스머프,2025-08-06,12034,143431,110673980
2025-08-16,9,극장판 귀멸의 칼날: 무한성편,2025-08-22,11548,12172,191858500
2025-08-16,10,식스데이즈,2025-08-13,5258,31354,115676000
2025-08-17,1,좀비딸,2025-07-30,211059,4518773,2063574260
2025-08-17,2,F1 더 무비,2025-06-25,103896,4205973,1159259850
2025-08-17,3,악마가 이사왔다,2025-08-13,45855,270059,457626580
2025-08-17,4,긴키 지방의 어느 장소에 대하여,2025-08-13,22932,101644,238754430
2025-08-17,5,킹 오브 킹스,2025-07-16,19531,1243718,179133800
2025-08-17,6,발레리나,2025-08-06,12350,286881,126387710
2025-08-17,7,배드 가이즈 2,2025-07-30,11878,368716,110313980
2025-08-17,8,스머프,2025-08-06,11798,155229,108147630
2025-08-17,9,극장판 귀멸의 칼날: 무한성편,2025-08-22,11460,23632,190379000
2025-08-17,10,독립군: 끝나지 않은 전쟁,2025-08-13,4606,16392,42516500
2025-08-18,1,좀비딸,2025-07-30,61234,4580007,581856240
2025-08-18,2,F1 더 무비,2025-06-25,36659,4242632,402818550
2025-08-18,3,악마가 이사왔다,2025-08-13,15199,285258,140077380
2025-08-18,4,긴키 지방의 어느 장소에 대하여,2025-08-13,10956,112600,110435160
2025-08-18,5,발레리나,2025-08-06,5658,292539,54797000
2025-08-18,6,킹 오브 킹스,2025-07-16,3263,1246981,30437450
2025-08-18,7,스머프,2025-08-06,2664,157893,22952700
2025-08-18,8,배드 가이즈 2,2025-07-30,2522,371238,22227700
2025-08-18,9,독립군: 끝나지 않은 전쟁,2025-08-13,2317,18709,20602820
2025-08-18,10,머티리얼리스트,2025-08-08,1762,43685,14620000
2025-08-19,1,좀비딸,2025-07-30,53951,4633958,506850180
2025-08-19,2,F1 더 무비,2025-06-25,34652,4277284,388850910
2025-08-19,3,악마가 이사왔다,2025-08-13,15336,300594,138681960
2025-08-19,4,긴키 지방의 어느 장소에 대하여,2025-08-13,10584,123184,106584850
2025-08-19,5,발레리나,2025-08-06,5271,297810,51198500
2025-08-19,6,킹 오브 킹스,2025-07-16,3350,1250331,30358300
2025-08-19,7,스머프,2025-08-06,2578,160471,21193700
2025-08-19,8,독립군: 끝나지 않은 전쟁,2025-08-13,2476,21185,22936100
2025-08-19,9,배드 가이즈 2,2025-07-30,2385,373623,20632650
2025-08-19,10,백! 스테이지, ,2286,3881,11430000
2025-08-20,1,좀비딸,2025-07-30,50380,4684338,475149940
2025-08-20,2,F1 더 무비,2025-06-25,37646,4314930,420377440
2025-08-20,3,악마가 이사왔다,2025-08-13,17549,318143,153599560
2025-08-20,4,긴키 지방의 어느 장소에 대하여,2025-08-13,10273,133457,104476950
2025-08-20,5,발레리나,2025-08-06,5155,302965,50606800
2025-08-20,6,어글리 시스터,2025-08-20,5011,5211,45932400
2025-08-20,7,킹 오브 킹스,2025-07-16,2465,1252796,22495300
2025-08-20,8,로마의 휴일,2025-08-20,2319,28254,20943600
2025-08-20,9,스머프,2025-08-06,2227,162698,17149300
2025-08-20,10,식스데이즈,2025-08-13,1903,37119,41866000
2025-08-21,1,좀비딸,2025-07-30,46998,4731336,438391990
2025-08-21,2,F1 더 무비,2025-06-25,39199,4354129,441919350
2025-08-21,3,악마가 이사왔다,2025-08-13,15634,333777,140690780
2025-08-21,4,긴키 지방의 어느 장소에 대하여,2025-08-13,9463,142920,97096740
2025-08-21,5,발레리나,2025-08-06,4975,307940,48354140
2025-08-21,6,어글리 시스터,2025-08-20,3001,8212,28578700
2025-08-21,7,킹 오브 킹스,2025-07-16,2854,1255650,25786250
2025-08-21,8,극장판 귀멸의 칼날: 무한성편,2025-08-22,2330,25962,37098000
2025-08-21,9,백산 - 의령에서 발해까지,2025-02-05,2087,10470,11978500
2025-08-21,10,스머프,2025-08-06,1700,164398,12877300
2025-08-22,1,극장판 귀멸의 칼날: 무한성편,2025-08-22,517922,543884,5674122640
2025-08-22,2,좀비딸,2025-07-30,48263,4779599,468655590
2025-08-22,3,F1 더 무비,2025-06-25,27337,4381466,284507800
2025-08-22,4,악마가 이사왔다,2025-08-13,8380,342157,76451850
2025-08-22,5,긴키 지방의 어느 장소에 대하여,2025-08-13,8285,151205,88393020
2025-08-22,6,온리 갓 노우즈 에브리띵,2025-08-22,4318,7376,38219600
2025-08-22,7,어글리 시스터,2025-08-20,2531,10743,26733200
2025-08-22,8,독립군: 끝나지 않은 전쟁,2025-08-13,2018,26296,18052900
2025-08-22,9,스머프,2025-08-06,1904,166302,13798000
2025-08-22,10,베베핀 극장판: 사라진 베베핀과 핑크퐁 대모험,2025-07-24,1886,216604,11416200
2025-08-23,1,극장판 귀멸의 칼날: 무한성편,2025-08-22,606257,1150141,6504297540
2025-08-23,2,좀비딸,2025-07-30,116869,4896468,1144051270
2025-08-23,3,F1 더 무비,2025-06-25,64044,4445510,656185450
2025-08-23,4,악마가 이사왔다,2025-08-13,19304,361461,196554320
2025-08-23,5,긴키 지방의 어느 장소에 대하여,2025-08-13,18908,170113,195663580
2025-08-23,6,킹 오브 킹스,2025-07-16,8748,1266129,83937900
2025-08-23,7,스머프,2025-08-06,5327,171629,48093840
2025-08-23,8,배드 가이즈 2,2025-07-30,5072,382385,46352600
2025-08-23,9,어글리 시스터,2025-08-20,4058,14801,43275200
2025-08-23,10,온리 갓 노우즈 에브리띵,2025-08-22,3829,11205,36361800
2025-08-24,1,극장판 귀멸의 칼날: 무한성편,2025-08-22,498936,1649077,5355541070
2025-08-24,2,좀비딸,2025-07-30,107084,5003552,1041088460
2025-08-24,3,F1 더 무비,2025-06-25,59898,4505408,608919580
2025-08-24,4,긴키 지방의 어느 장소에 대하여,2025-08-13,18460,188573,190485420
2025-08-24,5,악마가 이사왔다,2025-08-13,17146,378607,173535630
2025-08-24,6,킹 오브 킹스,2025-07-16,11993,1278122,114990200
2025-08-24,7,배드 가이즈 2,2025-07-30,5383,387768,50541120
2025-08-24,8,스머프,2025-08-06,5242,176871,47527250
2025-08-24,9,온리 갓 노우즈 에브리띵,2025-08-22,2852,14057,27718500
2025-08-24,10,어글리 시스터,2025-08-20,2667,17468,27887900
2025-08-25,1,극장판 귀멸의 칼날: 무한성편,2025-08-22,215368,1864445,2331854220
2025-08-25,2,좀비딸,2025-07-30,28928,5032480,275759600
2025-08-25,3,F1 더 무비,2025-06-25,20195,4525603,201183230
2025-08-25,4,긴키 지방의 어느 장소에 대하여,2025-08-13,6675,195248,68443960
2025-08-25,5,악마가 이사왔다,2025-08-13,5390,383997,50166500
2025-08-25,6,어글리 시스터,2025-08-20,1493,18961,15494200
2025-08-25,7,온리 갓 노우즈 에브리띵,2025-08-22,1266,15323,10538200
2025-08-25,8,독립군: 끝나지 않은 전쟁,2025-08-13,1243,32828,11456600
2025-08-25,9,발레리나,2025-08-06,1024,315120,10060500
2025-08-25,10,킹 오브 킹스,2025-07-16,1004,1279126,9245200
2025-08-26,1,극장판 귀멸의 칼날: 무한성편,2025-08-22,152305,2016750,1681574480
2025-08-26,2,좀비딸,2025-07-30,27583,5060063,259026240
2025-08-26,3,F1 더 무비,2025-06-25,19280,4544883,191249650
2025-08-26,4,악마가 이사왔다,2025-08-13,6165,390162,54141200
2025-08-26,5,긴키 지방의 어느 장소에 대하여,2025-08-13,6089,201337,62221690
2025-08-26,6,어글리 시스터,2025-08-20,1453,20414,15230600
2025-08-26,7,발레리나,2025-08-06,1317,316437,13008000
2025-08-26,8,온리 갓 노우즈 에브리띵,2025-08-22,1292,16615,10956900
2025-08-26,9,킹 오브 킹스,2025-07-16,1191,1280317,10604840
2025-08-26,10,독립군: 끝나지 않은 전쟁,2025-08-13,1170,33998,10704800
2025-08-27,1,극장판 귀멸의 칼날: 무한성편,2025-08-22,217627,2234377,1940977120
2025-08-27,2,좀비딸,2025-07-30,57529,5117592,440955280
2025-08-27,3,F1 더 무비,2025-06-25,43315,4588198,347637610
2025-08-27,4,노바디2,2025-08-27,17097,21121,128823800
2025-08-27,5,첫사랑 엔딩,2025-08-27,15615,15615,125520740
2025-08-27,6,긴키 지방의 어느 장소에 대하여,2025-08-13,8226,209563,66291140
2025-08-27,7,악마가 이사왔다,2025-08-13,7109,397271,54868600
2025-08-27,8,프리키 프라이데이 2,2025-08-27,6244,6941,49495500
2025-08-27,9,그랑 메종 파리,2025-08-27,3098,3404,21364500
2025-08-27,10,독립군: 끝나지 않은 전쟁,2025-08-13,2431,36429,18799900
2025-08-28,1,극장판 귀멸의 칼날: 무한성편,2025-08-22,118642,2353019,1319118880
2025-08-28,2,임영웅 [아임 히어로 2] 청음회,2025-08-28,50068,50068,200272000
2025-08-28,3,좀비딸,2025-07-30,27948,5145540,256452190
2025-08-28,4,F1 더 무비,2025-06-25,20559,4608757,209032980
2025-08-28,5,첫사랑 엔딩,2025-08-27,8238,23853,77167100
2025-08-28,6,긴키 지방의 어느 장소에 대하여,2025-08-13,4874,214437,50507840
2025-08-28,7,노바디2,2025-08-27,4290,25411,40405300
2025-08-28,8,악마가 이사왔다,2025-08-13,4187,401458,37702300
2025-08-28,9,프리키 프라이데이 2,2025-08-27,3244,10185,29831350
2025-08-28,10,온리 갓 노우즈 에브리띵,2025-08-22,1677,18861,13286200
2025-08-29,1,극장판 귀멸의 칼날: 무한성편,2025-08-22,164974,2517993,1889585970
2025-08-29,2,좀비딸,2025-07-30,35788,5181328,342473970
2025-08-29,3,F1 더 무비,2025-06-25,28938,4637695,306959710
2025-08-29,4,첫사랑 엔딩,2025-08-27,8755,32608,85489200
2025-08-29,5,긴키 지방의 어느 장소에 대하여,2025-08-13,7131,221568,75857670
2025-08-29,6,노바디2,2025-08-27,5032,30443,51100300
2025-08-29,7,악마가 이사왔다,2025-08-13,4564,406022,41600640
2025-08-29,8,슈퍼소닉,2016-11-24,3774,22980,41800560
2025-08-29,9,프리키 프라이데이 2,2025-08-27,3616,13801,34198060
2025-08-29,10,그랑 메종 파리,2025-08-27,1722,6676,13014900
2025-08-30,1,극장판 귀멸의 칼날: 무한성편,2025-08-22,350763,2868756,3833946550
2025-08-30,2,좀비딸,2025-07-30,87155,5268483,850503090
2025-08-30,3,F1 더 무비,2025-06-25,64041,4701736,667008610
2025-08-30,4,긴키 지방의 어느 장소에 대하여,2025-08-13,16039,237607,167444200
2025-08-30,5,첫사랑 엔딩,2025-08-27,15295,47903,153105370
2025-08-30,6,노바디2,2025-08-27,8519,38962,85923700
2025-08-30,7,악마가 이사왔다,2025-08-13,6118,412140,58731600
2025-08-30,8,킹 오브 킹스,2025-07-16,4980,1288168,46215700
2025-08-30,9,프리키 프라이데이 2,2025-08-27,4651,18452,44777800
2025-08-30,10,스머프,2025-08-06,2961,183027,26034600
2025-08-31,1,극장판 귀멸의 칼날: 무한성편,2025-08-22,284962,3153718,3086078010
2025-08-31,2,좀비딸,2025-07-30,78593,5347076,761048990
2025-08-31,3,F1 더 무비,2025-06-25,58648,4760384,597184990
2025-08-31,4,첫사랑 엔딩,2025-08-27,16434,64337,163152210
2025-08-31,5,긴키 지방의 어느 장소에 대하여,2025-08-13,12949,250556,135236880
2025-08-31,6,킹 오브 킹스,2025-07-16,7867,1296035,70634000
2025-08-31,7,노바디2,2025-08-27,7082,46044,69913400
2025-08-31,8,악마가 이사왔다,2025-08-13,5086,417226,48449920
2025-08-31,9,프리키 프라이데이 2,2025-08-27,4104,22556,39443640
2025-08-31,10,스머프,2025-08-06,3249,186276,29760500
2025-09-01,1,극장판 귀멸의 칼날: 무한성편,2025-08-22,88577,3242295,976910710
2025-09-01,2,F1 더 무비,2025-06-25,19327,4779711,192918670
2025-09-01,3,좀비딸,2025-07-30,17756,5364832,168179300
2025-09-01,4,첫사랑 엔딩,2025-08-27,5894,70231,56511850
2025-09-01,5,긴키 지방의 어느 장소에 대하여,2025-08-13,3648,254204,37375500
2025-09-01,6,노바디2,2025-08-27,2657,48701,25009400
2025-09-01,7,악마가 이사왔다,2025-08-13,1939,419165,18471100
2025-09-01,8,프리키 프라이데이 2,2025-08-27,1828,24384,16846000
2025-09-01,9,머티리얼리스트,2025-08-08,1258,59640,7649600
2025-09-01,10,백산 - 의령에서 발해까지,2025-02-05,1247,20048,6541500
2025-09-02,1,극장판 귀멸의 칼날: 무한성편,2025-08-22,73984,3316279,813518760
2025-09-02,2,F1 더 무비,2025-06-25,18309,4798020,186635840
2025-09-02,3,좀비딸,2025-07-30,16746,5381578,154255280
2025-09-02,4,첫사랑 엔딩,2025-08-27,6616,76847,62830300
2025-09-02,5,긴키 지방의 어느 장소에 대하여,2025-08-13,3114,257318,31681200
2025-09-02,6,악마가 이사왔다,2025-08-13,2939,422104,26802700
2025-09-02,7,노바디2,2025-08-27,2668,51369,25001900
2025-09-02,8,프리키 프라이데이 2,2025-08-27,2366,26750,21487300
2025-09-02,9,온리 갓 노우즈 에브리띵,2025-08-22,749,23176,6075500
2025-09-02,10,모노노케 히메,2003-04-25,624,1219,10608000
2025-09-03,1,극장판 귀멸의 칼날: 무한성편,2025-08-22,79539,3395818,838092040
2025-09-03,2,컨저링: 마지막 의식,2025-09-03,39581,39926,397341310
2025-09-03,3,F1 더 무비,2025-06-25,14607,4812627,141457480
2025-09-03,4,좀비딸,2025-07-30,14602,5396180,133630700
2025-09-03,5,투게더,2025-09-03,7925,10504,56333900
2025-09-03,6,첫사랑 엔딩,2025-08-27,4071,80918,38704600
2025-09-03,7,이티,1984-06-23,2409,10448,23080700
2025-09-03,8,살인자 리포트,2025-09-05,1892,2790,17028000
2025-09-03,9,긴키 지방의 어느 장소에 대하여,2025-08-13,1558,258876,15535300
2025-09-03,10,악마가 이사왔다,2025-08-13,1517,423621,13782100
2025-09-04,1,극장판 귀멸의 칼날: 무한성편,2025-08-22,62698,3458516,678161700
2025-09-04,2,컨저링: 마지막 의식,2025-09-03,28534,68460,286830930
2025-09-04,3,F1 더 무비,2025-06-25,13230,4825857,132347510
2025-09-04,4,좀비딸,2025-07-30,12987,5409167,119625700
2025-09-04,5,투게더,2025-09-03,4515,15019,34885600
2025-09-04,6,첫사랑 엔딩,2025-08-27,3468,84386,32606400
2025-09-04,7,악마가 이사왔다,2025-08-13,1534,425155,12818700
2025-09-04,8,긴키 지방의 어느 장소에 대하여,2025-08-13,1307,260183,13145900
2025-09-04,9,노바디2,2025-08-27,1200,53898,10973700
2025-09-04,10,이티,1984-06-23,1044,11492,10006600
2025-09-05,1,극장판 귀멸의 칼날: 무한성편,2025-08-22,100151,3558667,1129519280
2025-09-05,2,컨저링: 마지막 의식,2025-09-03,38202,106662,395645550
2025-09-05,3,살인자 리포트,2025-09-05,36081,38871,347284730
2025-09-05,4,F1 더 무비,2025-06-25,17289,4843146,174907920
2025-09-05,5,좀비딸,2025-07-30,15723,5424890,147751490
2025-09-05,6,첫사랑 엔딩,2025-08-27,4764,89150,46550620
2025-09-05,7,투게더,2025-09-03,3646,18665,33246200
2025-09-05,8,전력질주,2025-09-10,1813,1813,18692900
2025-09-05,9,긴키 지방의 어느 장소에 대하여,2025-08-13,1705,261888,18292180
2025-09-05,10,악마가 이사왔다,2025-08-13,1127,426282,9537200
2025-09-06,1,극장판 귀멸의 칼날: 무한성편,2025-08-22,219105,3777772,2357291100
2025-09-06,2,컨저링: 마지막 의식,2025-09-03,72228,178890,750656230
2025-09-06,3,살인자 리포트,2025-09-05,60626,99497,593778900
2025-09-06,4,F1 더 무비,2025-06-25,38671,4881817,389718510
2025-09-06,5,좀비딸,2025-07-30,38508,5463398,372593370
2025-09-06,6,첫사랑 엔딩,2025-08-27,9976,99126,97001420
2025-09-06,7,투게더,2025-09-03,6046,24711,55155500
2025-09-06,8,아기돼지 3형제: 도넛별 대모험,2025-09-04,4613,8658,40827400
2025-09-06,9,긴키 지방의 어느 장소에 대하여,2025-08-13,3688,265576,38136000
2025-09-06,10,킹 오브 킹스,2025-07-16,2531,1300533,24189950
2025-09-07,1,극장판 귀멸의 칼날: 무한성편,2025-08-22,179831,3957603,1922652800
2025-09-07,2,컨저링: 마지막 의식,2025-09-03,54257,233147,562117020
2025-09-07,3,살인자 리포트,2025-09-05,53247,152744,522845670
2025-09-07,4,좀비딸,2025-07-30,33055,5496453,318832730
2025-09-07,5,F1 더 무비,2025-06-25,31654,4913471,316817320
2025-09-07,6,첫사랑 엔딩,2025-08-27,10512,109638,102632790
2025-09-07,7,아기돼지 3형제: 도넛별 대모험,2025-09-04,5166,13824,45318800
2025-09-07,8,투게더,2025-09-03,4323,29034,39760800
2025-09-07,9,긴키 지방의 어느 장소에 대하여,2025-08-13,2953,268529,30588330
2025-09-07,10,킹 오브 킹스,2025-07-16,1993,1302526,19361200
2025-09-08,1,극장판 귀멸의 칼날: 무한성편,2025-08-22,54196,4011799,612811690
2025-09-08,2,살인자 리포트,2025-09-05,20685,173429,207773020
2025-09-08,3,컨저링: 마지막 의식,2025-09-03,18404,251551,196515700
2025-09-08,4,F1 더 무비,2025-06-25,10008,4923479,104975240
2025-09-08,5,좀비딸,2025-07-30,7144,5503597,70148910
2025-09-08,6,첫사랑 엔딩,2025-08-27,3001,112639,30789000
2025-09-08,7,투게더,2025-09-03,1734,30768,16666300
2025-09-08,8,악마가 이사왔다,2025-08-13,768,429431,7314500
2025-09-08,9,3670,2025-09-03,720,8272,7312200
2025-09-08,10,긴키 지방의 어느 장소에 대하여,2025-08-13,693,269222,7408600
2025-09-09,1,극장판 귀멸의 칼날: 무한성편,2025-08-22,48732,4060531,558482810
2025-09-09,2,살인자 리포트,2025-09-05,21398,194827,211423950
2025-09-09,3,컨저링: 마지막 의식,2025-09-03,15407,266958,165257400
2025-09-09,4,F1 더 무비,2025-06-25,9733,4933212,100349940
2025-09-09,5,좀비딸,2025-07-30,7944,5511541,74741800
2025-09-09,6,첫사랑 엔딩,2025-08-27,2697,115336,27849400
2025-09-09,7,투게더,2025-09-03,2505,33273,20294000
2025-09-09,8,3학년 2학기,2025-09-03,1268,8207,9674900
2025-09-09,9,3670,2025-09-03,1040,9312,10005200
2025-09-09,10,귀시,2025-09-17,1017,1211,9153000
2025-09-10,1,극장판 귀멸의 칼날: 무한성편,2025-08-22,41176,4101707,436879480
2025-09-10,2,살인자 리포트,2025-09-05,18792,213619,185781790
2025-09-10,3,F1 더 무비,2025-06-25,16125,4949337,123804950
2025-09-10,4,컨저링: 마지막 의식,2025-09-03,14507,281465,154014470
2025-09-10,5,홈캠,2025-09-10,13306,14709,108178400
2025-09-10,6,모노노케 히메,2003-04-25,9939,11158,171259500
2025-09-10,7,좀비딸,2025-07-30,9807,5521348,69341200
2025-09-10,8,건국전쟁2 ,2025-09-10,3405,4154,32634900
2025-09-10,9,전력질주,2025-09-10,3229,5042,23071700
2025-09-10,10,토이 스토리 ,1995-12-30,2950,4282,27860200
2025-09-11,1,얼굴,2025-09-11,35018,35316,343731750
2025-09-11,2,극장판 귀멸의 칼날: 무한성편,2025-08-22,33824,4135531,365172380
2025-09-11,3,살인자 리포트,2025-09-05,13595,227214,134253290
2025-09-11,4,F1 더 무비,2025-06-25,11605,4960942,87272440
2025-09-11,5,컨저링: 마지막 의식,2025-09-03,11276,292741,121099120
2025-09-11,6,홈캠,2025-09-10,7320,22029,61665700
2025-09-11,7,좀비딸,2025-07-30,6919,5528267,47559300
2025-09-11,8,모노노케 히메,2003-04-25,4864,16022,88759500
2025-09-11,9,퍼펙트 블루,2004-05-26,4319,4882,48435250
2025-09-11,10,건국전쟁2 ,2025-09-10,2548,6702,23700550
2025-09-12,1,극장판 귀멸의 칼날: 무한성편,2025-08-22,54177,4189708,620638010
2025-09-12,2,얼굴,2025-09-11,53287,88603,558082080
2025-09-12,3,F1 더 무비,2025-06-25,18067,4979009,134721260
2025-09-12,4,컨저링: 마지막 의식,2025-09-03,17146,309887,192378370
2025-09-12,5,살인자 리포트,2025-09-05,17090,244304,176195500
2025-09-12,6,홈캠,2025-09-10,8972,31001,84454300
2025-09-12,7,좀비딸,2025-07-30,8076,5536343,56009400
2025-09-12,8,모노노케 히메,2003-04-25,4483,20505,85807000
2025-09-12,9,건국전쟁2 ,2025-09-10,2610,9312,26061100
2025-09-12,10,전력질주,2025-09-10,2462,9175,16838900
2025-09-13,1,극장판 귀멸의 칼날: 무한성편,2025-08-22,156109,4345817,1733762510
2025-09-13,2,얼굴,2025-09-11,120353,208956,1278923630
2025-09-13,3,F1 더 무비,2025-06-25,33615,5012624,248071110
2025-09-13,4,컨저링: 마지막 의식,2025-09-03,32911,342798,363910120
2025-09-13,5,살인자 리포트,2025-09-05,29868,274172,320234500
2025-09-13,6,좀비딸,2025-07-30,20709,5557052,145150100
2025-09-13,7,홈캠,2025-09-10,17274,48275,174705500
2025-09-13,8,모노노케 히메,2003-04-25,7082,27587,136175500
2025-09-13,9,건국전쟁2 ,2025-09-10,5495,14807,56818000
2025-09-13,10,첫사랑 엔딩,2025-08-27,4771,126053,51070660
2025-09-14,1,극장판 귀멸의 칼날: 무한성편,2025-08-22,120133,4465950,1325036530
2025-09-14,2,얼굴,2025-09-11,108274,317230,1149219950
2025-09-14,3,F1 더 무비,2025-06-25,26381,5039005,193667830
2025-09-14,4,살인자 리포트,2025-09-05,23411,297583,250152400
2025-09-14,5,컨저링: 마지막 의식,2025-09-03,22977,365775,251811270
2025-09-14,6,좀비딸,2025-07-30,18241,5575293,128093600
2025-09-14,7,홈캠,2025-09-10,13801,62076,139293600
2025-09-14,8,건국전쟁2 ,2025-09-10,6042,20849,63769400
2025-09-14,9,모노노케 히메,2003-04-25,5769,33356,109499500
2025-09-14,10,첫사랑 엔딩,2025-08-27,5049,131102,53445200
2025-09-15,1,얼굴,2025-09-11,39495,356725,401917270
2025-09-15,2,극장판 귀멸의 칼날: 무한성편,2025-08-22,33239,4499189,372320260
2025-09-15,3,살인자 리포트,2025-09-05,8974,306557,90213020
2025-09-15,4,F1 더 무비,2025-06-25,8616,5047621,63342760
2025-09-15,5,컨저링: 마지막 의식,2025-09-03,7298,373073,79315240
2025-09-15,6,좀비딸,2025-07-30,4875,5580168,32954600
2025-09-15,7,홈캠,2025-09-10,4174,66250,41183800
2025-09-15,8,건국전쟁2 ,2025-09-10,2902,23751,26891000
2025-09-15,9,모노노케 히메,2003-04-25,2246,35602,41343000
2025-09-15,10,연의 편지,2025-10-01,1452,2831,13644000
2025-09-16,1,얼굴,2025-09-11,37127,393852,372862560
2025-09-16,2,극장판 귀멸의 칼날: 무한성편,2025-08-22,28190,4527379,312521080
2025-09-16,3,F1 더 무비,2025-06-25,7684,5055305,56672480
2025-09-16,4,살인자 리포트,2025-09-05,6828,313385,69966350
2025-09-16,5,컨저링: 마지막 의식,2025-09-03,6474,379547,69522360
2025-09-16,6,홈캠,2025-09-10,5393,71643,43504200
2025-09-16,7,좀비딸,2025-07-30,4550,5584718,31759900
2025-09-16,8,모노노케 히메,2003-04-25,2867,38469,53560000
2025-09-16,9,건국전쟁2 ,2025-09-10,2655,26406,24622400
2025-09-16,10,악마가 이사왔다,2025-08-13,1163,436088,7929500
2025-09-17,1,얼굴,2025-09-11,39692,433544,395415820
2025-09-17,2,극장판 귀멸의 칼날: 무한성편,2025-08-22,35750,4563129,380641060
2025-09-17,3,모노노케 히메,2003-04-25,30145,68614,299353480
2025-09-17,4,귀시,2025-09-17,9968,11179,97715600
2025-09-17,5,F1 더 무비,2025-06-25,7734,5063039,58553050
2025-09-17,6,살인자 리포트,2025-09-05,6569,319954,64561280
2025-09-17,7,바로 지금 여기,2025-09-17,6081,7370,51328000
2025-09-17,8,좀비딸,2025-07-30,5020,5589738,34508900
2025-09-17,9,컨저링: 마지막 의식,2025-09-03,4652,384199,49686900
2025-09-17,10,너의 이름은.,2017-01-04,4284,3935536,70823700
2025-09-18,1,얼굴,2025-09-11,34348,467892,342399190
2025-09-18,2,극장판 귀멸의 칼날: 무한성편,2025-08-22,25168,4588297,267690170
2025-09-18,3,모노노케 히메,2003-04-25,10997,79611,112049160
2025-09-18,4,귀시,2025-09-17,8178,19357,78597700
2025-09-18,5,F1 더 무비,2025-06-25,7080,5070119,50468400
2025-09-18,6,살인자 리포트,2025-09-05,6639,326593,65008500
2025-09-18,7,프랑켄슈타인 : 더 뮤지컬 라이브,2025-09-18,4789,5068,118633100
2025-09-18,8,좀비딸,2025-07-30,4217,5593955,27788800
2025-09-18,9,컨저링: 마지막 의식,2025-09-03,4173,388372,44538600
2025-09-18,10,너의 이름은.,2017-01-04,3701,3939237,62721600
2025-09-19,1,얼굴,2025-09-11,51140,519032,532798380
2025-09-19,2,극장판 귀멸의 칼날: 무한성편,2025-08-22,39840,4628137,445939300
2025-09-19,3,명탐정 코난: 17년 전의 진상,2025-09-19,16193,16193,179174300
2025-09-19,4,모노노케 히메,2003-04-25,10809,90420,116354020
2025-09-19,5,F1 더 무비,2025-06-25,10012,5080131,70537860
2025-09-19,6,귀시,2025-09-17,9376,28733,97387850
2025-09-19,7,프랑켄슈타인 : 더 뮤지컬 라이브,2025-09-18,8309,13377,205588100
2025-09-19,8,살인자 리포트,2025-09-05,8202,334795,81098200
2025-09-19,9,컨저링: 마지막 의식,2025-09-03,6318,394690,69544300
2025-09-19,10,너의 이름은.,2017-01-04,4689,3943926,79385800
2025-09-20,1,얼굴,2025-09-11,113135,632167,1191902180
2025-09-20,2,극장판 귀멸의 칼날: 무한성편,2025-08-22,94619,4722756,1075649120
2025-09-20,3,모노노케 히메,2003-04-25,21595,112015,240145750
2025-09-20,4,명탐정 코난: 17년 전의 진상,2025-09-19,17251,33444,185767100
2025-09-20,5,F1 더 무비,2025-06-25,16795,5096926,118468800
2025-09-20,6,귀시,2025-09-17,14469,43202,148477920
2025-09-20,7,프랑켄슈타인 : 더 뮤지컬 라이브,2025-09-18,10658,24035,264754500
2025-09-20,8,컨저링: 마지막 의식,2025-09-03,9693,404383,107337600
2025-09-20,9,살인자 리포트,2025-09-05,9594,344389,100443400
2025-09-20,10,좀비딸,2025-07-30,7041,5605010,48874300
2025-09-21,1,얼굴,2025-09-11,90696,722863,950715130
2025-09-21,2,극장판 귀멸의 칼날: 무한성편,2025-08-22,78016,4800772,873262500
2025-09-21,3,모노노케 히메,2003-04-25,16701,128716,186913210
2025-09-21,4,F1 더 무비,2025-06-25,13646,5110572,96303680
2025-09-21,5,명탐정 코난: 17년 전의 진상,2025-09-19,13277,46721,143152700
2025-09-21,6,귀시,2025-09-17,11868,55070,122757840
2025-09-21,7,살인자 리포트,2025-09-05,7557,351946,77984280
2025-09-21,8,프랑켄슈타인 : 더 뮤지컬 라이브,2025-09-18,7247,31282,178996600
2025-09-21,9,좀비딸,2025-07-30,6474,5611484,45131380
2025-09-21,10,컨저링: 마지막 의식,2025-09-03,6444,410827,71019800
2025-09-22,1,얼굴,2025-09-11,29018,751881,292015980
2025-09-22,2,극장판 귀멸의 칼날: 무한성편,2025-08-22,19985,4820757,223255570
2025-09-22,3,어쩔수가없다,2025-09-24,8261,8325,100172700
2025-09-22,4,모노노케 히메,2003-04-25,4975,133691,52736560
2025-09-22,5,F1 더 무비,2025-06-25,4845,5115417,34395220
2025-09-22,6,귀시,2025-09-17,4120,59190,40846400
2025-09-22,7,명탐정 코난: 17년 전의 진상,2025-09-19,3644,50365,38533000
2025-09-22,8,살인자 리포트,2025-09-05,3573,355519,34726780
2025-09-22,9,좀비딸,2025-07-30,2880,5614364,20444800
2025-09-22,10,너의 이름은.,2017-01-04,2840,3959033,47300100
2025-09-23,1,얼굴,2025-09-11,25433,777314,252447960
2025-09-23,2,극장판 귀멸의 칼날: 무한성편,2025-08-22,19900,4840657,223505370
2025-09-23,3,어쩔수가없다,2025-09-24,14828,23153,169854000
2025-09-23,4,F1 더 무비,2025-06-25,5579,5120996,39298900
2025-09-23,5,살인자 리포트,2025-09-05,5280,360799,47797100
2025-09-23,6,모노노케 히메,2003-04-25,5061,138752,52591800
2025-09-23,7,귀시,2025-09-17,4235,63425,41035000
2025-09-23,8,너의 이름은.,2017-01-04,3510,3962543,57222900
2025-09-23,9,명탐정 코난: 17년 전의 진상,2025-09-19,3339,53704,34873500
2025-09-23,10,건국전쟁2 ,2025-09-10,2693,43913,26583500
2025-09-24,1,어쩔수가없다,2025-09-24,331495,354648,2645125060
2025-09-24,2,극장판 체인소 맨: 레제편,2025-09-24,108722,108864,917580340
2025-09-24,3,얼굴,2025-09-11,25216,802530,198021040
2025-09-24,4,극장판 귀멸의 칼날: 무한성편,2025-08-22,23432,4864089,195875500
2025-09-24,5,모노노케 히메,2003-04-25,5349,144101,45547300
2025-09-24,6,명탐정 코난: 17년 전의 진상,2025-09-19,4000,57704,30986300
2025-09-24,7,F1 더 무비,2025-06-25,3622,5124618,25165200
2025-09-24,8,파르테노페,2025-09-24,1228,1370,9626500
2025-09-24,9,좀비딸,2025-07-30,1114,5618146,7721600
2025-09-24,10,2016 방탄소년단 라이브 화양연화 온 스테이지 : 에필로그 리마스터링,2025-09-23,1082,1232,25796060
2025-09-25,1,어쩔수가없다,2025-09-24,109726,464374,1095493100
2025-09-25,2,극장판 체인소 맨: 레제편,2025-09-24,53902,162766,579670060
2025-09-25,3,극장판 귀멸의 칼날: 무한성편,2025-08-22,15312,4879401,163014700
2025-09-25,4,얼굴,2025-09-11,14855,817385,148002700
2025-09-25,5,F1 더 무비,2025-06-25,3445,5128063,24432000
2025-09-25,6,모노노케 히메,2003-04-25,3017,147118,31170560
2025-09-25,7,명탐정 코난: 17년 전의 진상,2025-09-19,2528,60232,26198700
2025-09-25,8,좀비딸,2025-07-30,2520,5620666,17188000
2025-09-25,9,프랑켄슈타인 : 더 뮤지컬 라이브,2025-09-18,2223,39707,54783300
2025-09-25,10,보스,2025-10-03,1431,2175,13517000
2025-09-26,1,어쩔수가없다,2025-09-24,127023,591397,1335516590
2025-09-26,2,극장판 체인소 맨: 레제편,2025-09-24,83236,246002,962442200
2025-09-26,3,극장판 귀멸의 칼날: 무한성편,2025-08-22,23967,4903368,268310190
2025-09-26,4,얼굴,2025-09-11,19889,837274,207745950
2025-09-26,5,모노노케 히메,2003-04-25,4338,151456,45224200
2025-09-26,6,F1 더 무비,2025-06-25,4164,5132227,29784700
2025-09-26,7,명탐정 코난: 17년 전의 진상,2025-09-19,2676,62908,28864700
2025-09-26,8,프랑켄슈타인 : 더 뮤지컬 라이브,2025-09-18,2400,42107,59322800
2025-09-26,9,좀비딸,2025-07-30,1271,5621937,8290000
2025-09-26,10,킹 오브 프리즘 -유어 엔드리스 콜- 모두 빛나라! 프리즘 투어즈 ,2025-07-18,1093,31393,9911140
2025-09-27,1,어쩔수가없다,2025-09-24,242013,833410,2587976610
2025-09-27,2,극장판 체인소 맨: 레제편,2025-09-24,122901,368903,1382279290
2025-09-27,3,극장판 귀멸의 칼날: 무한성편,2025-08-22,48069,4951437,524577740
2025-09-27,4,얼굴,2025-09-11,36092,873366,381846820
2025-09-27,5,브레드이발소: 베이커리타운의 악당들,2025-09-27,26349,40141,240694800
2025-09-27,6,모노노케 히메,2003-04-25,7313,158769,78874250
2025-09-27,7,F1 더 무비,2025-06-25,5310,5137537,37020720
2025-09-27,8,바다 탐험대 옥토넛 어보브 앤 비욘드 : 콰지의 깜짝 어드벤처,2025-09-27,4909,6837,49156900
2025-09-27,9,명탐정 코난: 17년 전의 진상,2025-09-19,4414,67322,47168300
2025-09-27,10,프랑켄슈타인 : 더 뮤지컬 라이브,2025-09-18,4015,46122,93433700
2025-09-28,1,어쩔수가없다,2025-09-24,240255,1073665,2529634790
2025-09-28,2,극장판 체인소 맨: 레제편,2025-09-24,105568,474471,1184017810
2025-09-28,3,극장판 귀멸의 칼날: 무한성편,2025-08-22,44837,4996274,483033460
2025-09-28,4,얼굴,2025-09-11,34021,907387,354648210
2025-09-28,5,브레드이발소: 베이커리타운의 악당들,2025-09-27,32432,72573,301861800
2025-09-28,6,바다 탐험대 옥토넛 어보브 앤 비욘드 : 콰지의 깜짝 어드벤처,2025-09-27,7266,14103,73007400
2025-09-28,7,모노노케 히메,2003-04-25,6028,164797,64765040
2025-09-28,8,F1 더 무비,2025-06-25,5296,5142833,37036880
2025-09-28,9,명탐정 코난: 17년 전의 진상,2025-09-19,4279,71601,45202300
2025-09-28,10,프랑켄슈타인 : 더 뮤지컬 라이브,2025-09-18,3181,49303,78700500
2025-09-29,1,어쩔수가없다,2025-09-24,79230,1152895,782555190
2025-09-29,2,극장판 체인소 맨: 레제편,2025-09-24,49160,523631,521656450
2025-09-29,3,극장판 귀멸의 칼날: 무한성편,2025-08-22,13813,5010087,144893500
2025-09-29,4,얼굴,2025-09-11,11510,918897,113012530
2025-09-29,5,F1 더 무비,2025-06-25,2892,5145725,20160200
2025-09-29,6,모노노케 히메,2003-04-25,2683,167480,26101300
2025-09-29,7,보스,2025-10-03,2418,4593,21762000
2025-09-29,8,브레드이발소: 베이커리타운의 악당들,2025-09-27,1393,73966,11777300
2025-09-29,9,프랑켄슈타인 : 더 뮤지컬 라이브,2025-09-18,1337,50640,33055900
2025-09-29,10,명탐정 코난: 17년 전의 진상,2025-09-19,1236,72837,13003500
2025-09-30,1,어쩔수가없다,2025-09-24,81342,1234237,789192430
2025-09-30,2,극장판 체인소 맨: 레제편,2025-09-24,55748,579379,579159480
2025-09-30,3,극장판 귀멸의 칼날: 무한성편,2025-08-22,16574,5026661,168816320
2025-09-30,4,얼굴,2025-09-11,13627,932524,130242880
2025-09-30,5,F1 더 무비,2025-06-25,3590,5149315,25341600
2025-09-30,6,모노노케 히메,2003-04-25,2821,170301,28958440
2025-09-30,7,브레드이발소: 베이커리타운의 악당들,2025-09-27,1889,75855,14340600
2025-09-30,8,파르테노페,2025-09-24,1542,7534,14081200
2025-09-30,9,명탐정 코난: 17년 전의 진상,2025-09-19,1531,74368,15650200
2025-09-30,10,좀비딸,2025-07-30,1515,5625731,10394000
2025-10-01,1,어쩔수가없다,2025-09-24,75260,1309497,729159070
2025-10-01,2,극장판 체인소 맨: 레제편,2025-09-24,63086,642465,658238160
2025-10-01,3,원 배틀 애프터 어나더,2025-10-01,21492,23776,226745070
2025-10-01,4,연의 편지,2025-10-01,16340,25139,150122400
2025-10-01,5,극장판 귀멸의 칼날: 무한성편,2025-08-22,14571,5041232,150083200
2025-10-01,6,얼굴,2025-09-11,10715,943239,105323940
2025-10-01,7,워킹맨,2025-10-01,4459,4459,28952200
2025-10-01,8,아바타: 물의 길,2022-12-14,2092,10807161,35545820
2025-10-01,9,그저 사고였을 뿐,2025-10-01,2061,2729,20154700
2025-10-01,10,브레드이발소: 베이커리타운의 악당들,2025-09-27,2046,77901,15236900
2025-10-02,1,어쩔수가없다,2025-09-24,89974,1399471,854286180
2025-10-02,2,극장판 체인소 맨: 레제편,2025-09-24,83677,726142,866911990
2025-10-02,3,극장판 귀멸의 칼날: 무한성편,2025-08-22,22468,5063700,229185660
2025-10-02,4,원 배틀 애프터 어나더,2025-10-01,21949,45725,232840160
2025-10-02,5,얼굴,2025-09-11,15790,959029,152092740
2025-10-02,6,연의 편지,2025-10-01,14376,39515,129050100
2025-10-02,7,F1 더 무비,2025-06-25,3986,5155294,27447620
2025-10-02,8,워킹맨,2025-10-01,2751,7210,18996240
2025-10-02,9,아바타: 물의 길,2022-12-14,2359,10809520,37271700
2025-10-02,10,브레드이발소: 베이커리타운의 악당들,2025-09-27,2261,80162,16676600
2025-10-03,1,보스,2025-10-03,238887,244156,2295221690
2025-10-03,2,어쩔수가없다,2025-09-24,178346,1577817,1786258180
2025-10-03,3,극장판 체인소 맨: 레제편,2025-09-24,138327,864469,1512793520
2025-10-03,4,극장판 귀멸의 칼날: 무한성편,2025-08-22,41473,5105173,431416410
2025-10-03,5,브레드이발소: 베이커리타운의 악당들,2025-09-27,32326,112488,270930200
2025-10-03,6,원 배틀 애프터 어나더,2025-10-01,27679,73404,308248350
2025-10-03,7,연의 편지,2025-10-01,21227,60742,201178650
2025-10-03,8,개비의 매직하우스 극장판,2025-10-03,18734,29260,176089090
2025-10-03,9,얼굴,2025-09-11,16885,975914,166074840
2025-10-03,10,배달의 영웅 : 캐리와 슈퍼콜라2,2025-10-03,6864,7214,60542800
2025-10-04,1,보스,2025-10-03,208854,453010,2016991940
2025-10-04,2,어쩔수가없다,2025-09-24,146996,1724813,1465641670
2025-10-04,3,극장판 체인소 맨: 레제편,2025-09-24,119179,983648,1308095290
2025-10-04,4,극장판 귀멸의 칼날: 무한성편,2025-08-22,47557,5152730,508407310
2025-10-04,5,원 배틀 애프터 어나더,2025-10-01,30118,103522,334054180
2025-10-04,6,브레드이발소: 베이커리타운의 악당들,2025-09-27,22083,134571,186228100
2025-10-04,7,연의 편지,2025-10-01,17519,78261,170025670
2025-10-04,8,얼굴,2025-09-11,14142,990056,139855770
2025-10-04,9,개비의 매직하우스 극장판,2025-10-03,11641,40901,107027400
2025-10-04,10,F1 더 무비,2025-06-25,4219,5164084,29508880
2025-10-05,1,보스,2025-10-03,218913,671923,2141535970
2025-10-05,2,어쩔수가없다,2025-09-24,133229,1858042,1358216670
2025-10-05,3,극장판 체인소 맨: 레제편,2025-09-24,95148,1078796,1050830340
2025-10-05,4,극장판 귀멸의 칼날: 무한성편,2025-08-22,36617,5189347,392893160
2025-10-05,5,원 배틀 애프터 어나더,2025-10-01,30509,134031,339299680
2025-10-05,6,브레드이발소: 베이커리타운의 악당들,2025-09-27,14834,149405,129609800
2025-10-05,7,연의 편지,2025-10-01,13006,91267,126302220
2025-10-05,8,얼굴,2025-09-11,12455,1002511,123026200
2025-10-05,9,개비의 매직하우스 극장판,2025-10-03,7629,48530,70740550
2025-10-05,10,F1 더 무비,2025-06-25,4213,5168297,29530620
2025-10-06,1,보스,2025-10-03,313448,985371,3065563680
2025-10-06,2,어쩔수가없다,2025-09-24,167675,2025717,1673351300
2025-10-06,3,극장판 체인소 맨: 레제편,2025-09-24,75973,1154769,841867190
2025-10-06,4,원 배틀 애프터 어나더,2025-10-01,36598,170629,398993660
2025-10-06,5,극장판 귀멸의 칼날: 무한성편,2025-08-22,32462,5221809,341439540
2025-10-06,6,얼굴,2025-09-11,15620,1018131,156747060
2025-10-06,7,브레드이발소: 베이커리타운의 악당들,2025-09-27,13699,163104,124026500
2025-10-06,8,연의 편지,2025-10-01,11667,102934,113694860
2025-10-06,9,개비의 매직하우스 극장판,2025-10-03,6911,55441,64885100
2025-10-06,10,F1 더 무비,2025-06-25,5517,5173814,39529300
2025-10-07,1,보스,2025-10-03,322754,1308125,3108615360
2025-10-07,2,어쩔수가없다,2025-09-24,180798,2206515,1761429190
2025-10-07,3,극장판 체인소 맨: 레제편,2025-09-24,114263,1269032,1260287830
2025-10-07,4,원 배틀 애프터 어나더,2025-10-01,46230,216859,506281820
2025-10-07,5,극장판 귀멸의 칼날: 무한성편,2025-08-22,43479,5265288,447797480
2025-10-07,6,브레드이발소: 베이커리타운의 악당들,2025-09-27,20203,183307,179499400
2025-10-07,7,연의 편지,2025-10-01,18172,121106,172877940
2025-10-07,8,얼굴,2025-09-11,15519,1033650,152199770
2025-10-07,9,나쁜계집애: 달려라 하니,2025-10-07,14612,16076,129515000
2025-10-07,10,개비의 매직하우스 극장판,2025-10-03,10771,66212,99407200
2025-10-08,1,보스,2025-10-03,247005,1555130,2368619010
2025-10-08,2,어쩔수가없다,2025-09-24,136746,2343261,1326457780
2025-10-08,3,극장판 체인소 맨: 레제편,2025-09-24,131316,1400348,1388293830
2025-10-08,4,트론: 아레스,2025-10-08,55680,56304,609043210
2025-10-08,5,원 배틀 애프터 어나더,2025-10-01,36188,253047,362747740
2025-10-08,6,극장판 귀멸의 칼날: 무한성편,2025-08-22,33826,5299114,338381310
2025-10-08,7,브레드이발소: 베이커리타운의 악당들,2025-09-27,17425,200732,155402200
2025-10-08,8,연의 편지,2025-10-01,14244,135350,134375770
2025-10-08,9,F1 더 무비,2025-06-25,10224,5189997,84851980
2025-10-08,10,나쁜계집애: 달려라 하니,2025-10-07,9826,25902,88005910
2025-10-09,1,보스,2025-10-03,174267,1729397,1658627530
2025-10-09,2,극장판 체인소 맨: 레제편,2025-09-24,112140,1512488,1183386940
2025-10-09,3,어쩔수가없다,2025-09-24,101120,2444381,980820120
2025-10-09,4,트론: 아레스,2025-10-08,31091,87395,342566750
2025-10-09,5,원 배틀 애프터 어나더,2025-10-01,30581,283628,307622810
2025-10-09,6,극장판 귀멸의 칼날: 무한성편,2025-08-22,28952,5328066,287003390
2025-10-09,7,브레드이발소: 베이커리타운의 악당들,2025-09-27,16612,217344,148483200
2025-10-09,8,연의 편지,2025-10-01,14062,149412,132588040
2025-10-09,9,개비의 매직하우스 극장판,2025-10-03,8536,82961,78290180
2025-10-09,10,나쁜계집애: 달려라 하니,2025-10-07,8380,34282,74620680
2025-10-10,1,보스,2025-10-03,91069,1820466,868826090
2025-10-10,2,극장판 체인소 맨: 레제편,2025-09-24,90439,1602927,959953180
2025-10-10,3,어쩔수가없다,2025-09-24,56344,2500725,548021450
2025-10-10,4,원 배틀 애프터 어나더,2025-10-01,20781,304409,210135490
2025-10-10,5,극장판 귀멸의 칼날: 무한성편,2025-08-22,19709,5347775,198403330
2025-10-10,6,트론: 아레스,2025-10-08,16334,103729,185045220
2025-10-10,7,브레드이발소: 베이커리타운의 악당들,2025-09-27,10083,227427,88445200
2025-10-10,8,연의 편지,2025-10-01,9324,158736,88182530
2025-10-10,9,개비의 매직하우스 극장판,2025-10-03,6107,89068,56012250
2025-10-10,10,나쁜계집애: 달려라 하니,2025-10-07,4802,39084,42558620
2025-10-11,1,극장판 체인소 맨: 레제편,2025-09-24,129311,1732238,1383056850
2025-10-11,2,보스,2025-10-03,122839,1943305,1196019950
2025-10-11,3,어쩔수가없다,2025-09-24,74990,2575715,740584690
2025-10-11,4,원 배틀 애프터 어나더,2025-10-01,35895,340304,363797370
2025-10-11,5,극장판 귀멸의 칼날: 무한성편,2025-08-22,27035,5374810,272875410
2025-10-11,6,트론: 아레스,2025-10-08,20567,124296,240609400
2025-10-11,7,연의 편지,2025-10-01,11363,170099,109061570
2025-10-11,8,브레드이발소: 베이커리타운의 악당들,2025-09-27,11224,238651,101457600
2025-10-11,9,얼굴,2025-09-11,6539,1061228,64923700
2025-10-11,10,개비의 매직하우스 극장판,2025-10-03,6082,95150,56921430
2025-10-12,1,극장판 체인소 맨: 레제편,2025-09-24,104389,1836627,1106837640
2025-10-12,2,보스,2025-10-03,93257,2036562,910364380
2025-10-12,3,어쩔수가없다,2025-09-24,54706,2630421,541121420
2025-10-12,4,원 배틀 애프터 어나더,2025-10-01,27053,367357,272730090
2025-10-12,5,극장판 귀멸의 칼날: 무한성편,2025-08-22,24287,5399097,243771230
2025-10-12,6,트론: 아레스,2025-10-08,15717,140013,180895600
2025-10-12,7,브레드이발소: 베이커리타운의 악당들,2025-09-27,11752,250403,105815800
2025-10-12,8,연의 편지,2025-10-01,10680,180779,101378590
2025-10-12,9,개비의 매직하우스 극장판,2025-10-03,6263,101413,58039600
2025-10-12,10,나쁜계집애: 달려라 하니,2025-10-07,4800,49192,45623680
2025-10-13,1,극장판 체인소 맨: 레제편,2025-09-24,35256,1871883,366407110
2025-10-13,2,보스,2025-10-03,28880,2065442,271515880
2025-10-13,3,어쩔수가없다,2025-09-24,17150,2647571,162153200
2025-10-13,4,원 배틀 애프터 어나더,2025-10-01,8514,375871,82810540
2025-10-13,5,극장판 귀멸의 칼날: 무한성편,2025-08-22,5607,5404704,56802940
2025-10-13,6,트론: 아레스,2025-10-08,4833,144846,53295940
2025-10-13,7,연의 편지,2025-10-01,2481,183260,23846900
2025-10-13,8,중간계,2025-10-15,1782,1948,12474000
2025-10-13,9,나쁜계집애: 달려라 하니,2025-10-07,1613,50805,13013400
2025-10-13,10,사람과 고기,2025-10-07,1181,10816,10150400
2025-10-14,1,극장판 체인소 맨: 레제편,2025-09-24,32531,1904414,335695120
2025-10-14,2,보스,2025-10-03,26458,2091900,242215340
2025-10-14,3,어쩔수가없다,2025-09-24,18030,2665601,166383690
2025-10-14,4,원 배틀 애프터 어나더,2025-10-01,7428,383299,71291070
2025-10-14,5,극장판 귀멸의 칼날: 무한성편,2025-08-22,5470,5410174,54307980
2025-10-14,6,트론: 아레스,2025-10-08,5220,150066,55114780
2025-10-14,7,연의 편지,2025-10-01,2719,185979,24255980
2025-10-14,8,얼굴,2025-09-11,1135,1067555,10829800
2025-10-14,9,그저 사고였을 뿐,2025-10-01,1022,25580,9404500
2025-10-14,10,나쁜계집애: 달려라 하니,2025-10-07,1002,51807,9259040
2025-10-15,1,극장판 체인소 맨: 레제편,2025-09-24,36619,1941033,377149830
2025-10-15,2,보스,2025-10-03,25127,2117027,228835670
2025-10-15,3,어쩔수가없다,2025-09-24,16965,2682566,154956070
2025-10-15,4,웨폰,2025-10-15,12011,12309,113428620
2025-10-15,5,극장판 귀멸의 칼날: 무한성편,2025-08-22,10144,5420318,97624600
2025-10-15,6,원 배틀 애프터 어나더,2025-10-01,9209,392508,103568320
2025-10-15,7,중간계,2025-10-15,4459,6407,27102800
2025-10-15,8,나쁜계집애: 달려라 하니,2025-10-07,3019,54826,24159300
2025-10-15,9,트론: 아레스,2025-10-08,3016,153082,29149200
2025-10-15,10,연의 편지,2025-10-01,2745,188724,24611100
2025-10-16,1,극장판 주술회전: 회옥·옥절,2025-10-16,32333,44059,315389280
2025-10-16,2,극장판 체인소 맨: 레제편,2025-09-24,28390,1969423,292559460
2025-10-16,3,보스,2025-10-03,22675,2139702,203409020
2025-10-16,4,어쩔수가없다,2025-09-24,15898,2698464,144243800
2025-10-16,5,원 배틀 애프터 어나더,2025-10-01,7966,400474,90148150
2025-10-16,6,웨폰,2025-10-15,7514,19823,71864640
2025-10-16,7,극장판 귀멸의 칼날: 무한성편,2025-08-22,5048,5425366,49221450
2025-10-16,8,중간계,2025-10-15,3036,9443,17530100
2025-10-16,9,연의 편지,2025-10-01,2277,191001,20099060
2025-10-16,10,트론: 아레스,2025-10-08,2113,155195,19840800
2025-10-17,1,극장판 체인소 맨: 레제편,2025-09-24,44906,2014329,485139100
2025-10-17,2,보스,2025-10-03,29483,2169185,273686230
2025-10-17,3,극장판 주술회전: 회옥·옥절,2025-10-16,19390,63449,199647660
2025-10-17,4,어쩔수가없다,2025-09-24,19201,2717665,184050250
2025-10-17,5,원 배틀 애프터 어나더,2025-10-01,10555,411029,125168570
2025-10-17,6,웨폰,2025-10-15,9677,29500,97901690
2025-10-17,7,극장판 귀멸의 칼날: 무한성편,2025-08-22,7320,5432686,74900660
2025-10-17,8,연의 편지,2025-10-01,4693,195694,42015760
2025-10-17,9,트론: 아레스,2025-10-08,3378,158573,32807370
2025-10-17,10,중간계,2025-10-15,2922,12365,17253000
2025-10-18,1,극장판 체인소 맨: 레제편,2025-09-24,117489,2131818,1256490720
2025-10-18,2,보스,2025-10-03,49307,2218492,483770760
2025-10-18,3,극장판 주술회전: 회옥·옥절,2025-10-16,39803,103252,408778610
2025-10-18,4,어쩔수가없다,2025-09-24,34685,2752350,351026270
2025-10-18,5,원 배틀 애프터 어나더,2025-10-01,21005,432034,245241710
2025-10-18,6,극장판 귀멸의 칼날: 무한성편,2025-08-22,18329,5451015,185407340
2025-10-18,7,웨폰,2025-10-15,14902,44402,155525330
2025-10-18,8,브레드이발소: 베이커리타운의 악당들,2025-09-27,8979,261591,69910600
2025-10-18,9,연의 편지,2025-10-01,5964,201658,57736190
2025-10-18,10,중간계,2025-10-15,5650,18015,36793800
2025-10-19,1,극장판 체인소 맨: 레제편,2025-09-24,83714,2215532,882979450
2025-10-19,2,보스,2025-10-03,39677,2258169,389188700
2025-10-19,3,극장판 주술회전: 회옥·옥절,2025-10-16,30491,133743,307944290
2025-10-19,4,어쩔수가없다,2025-09-24,25582,2777932,255191570
2025-10-19,5,극장판 귀멸의 칼날: 무한성편,2025-08-22,17563,5468578,176273670
2025-10-19,6,원 배틀 애프터 어나더,2025-10-01,15787,447821,182302900
2025-10-19,7,웨폰,2025-10-15,10026,54428,105029910
2025-10-19,8,브레드이발소: 베이커리타운의 악당들,2025-09-27,7548,269139,62427600
2025-10-19,9,이찬원 정규 2집 ‘찬란’ 청음회, ,5892,5892,23568000
2025-10-19,10,연의 편지,2025-10-01,5402,207060,51706660
2025-10-20,1,극장판 체인소 맨: 레제편,2025-09-24,25166,2240698,257324600
2025-10-20,2,보스,2025-10-03,14948,2273117,137742100
2025-10-20,3,어쩔수가없다,2025-09-24,10387,2788319,98882490
2025-10-20,4,원 인 어 밀리언,2025-10-20,6166,6166,154150000
2025-10-20,5,극장판 주술회전: 회옥·옥절,2025-10-16,5742,139485,57040970
2025-10-20,6,원 배틀 애프터 어나더,2025-10-01,5006,452827,51607750
2025-10-20,7,퍼스트 라이드,2025-10-29,4678,7218,42102000
2025-10-20,8,웨폰,2025-10-15,4071,58499,40383400
2025-10-20,9,극장판 귀멸의 칼날: 무한성편,2025-08-22,3921,5472499,39237500
2025-10-20,10,연의 편지,2025-10-01,1722,208782,15369440
2025-10-21,1,극장판 체인소 맨: 레제편,2025-09-24,25047,2265745,257842430
2025-10-21,2,보스,2025-10-03,15637,2288754,137729200
2025-10-21,3,어쩔수가없다,2025-09-24,10287,2798606,97480020
2025-10-21,4,극장판 주술회전: 회옥·옥절,2025-10-16,5073,144558,50536720
2025-10-21,5,극장판 귀멸의 칼날: 무한성편,2025-08-22,4935,5477434,49804120
2025-10-21,6,원 배틀 애프터 어나더,2025-10-01,4811,457638,49572640
2025-10-21,7,웨폰,2025-10-15,3842,62341,37114700
2025-10-21,8,연의 편지,2025-10-01,1986,210768,17678100
2025-10-21,9,중간계,2025-10-15,1493,24964,8562100
2025-10-21,10,만남의 집,2025-10-15,1341,10894,9670800
2025-10-22,1,극장판 체인소 맨: 레제편,2025-09-24,40737,2306482,338626560
2025-10-22,2,8번 출구,2025-10-22,31965,32711,256188210
2025-10-22,3,코렐라인,2009-05-21,16440,236751,124155100
2025-10-22,4,보스,2025-10-03,16431,2305185,131062400
2025-10-22,5,어쩔수가없다,2025-09-24,12982,2811588,106871840
2025-10-22,6,극장판 주술회전: 회옥·옥절,2025-10-16,10042,154600,77820700
2025-10-22,7,원 배틀 애프터 어나더,2025-10-01,6821,464459,58600210
2025-10-22,8,극장판 귀멸의 칼날: 무한성편,2025-08-22,6592,5484026,53348640
2025-10-22,9,세계의 주인,2025-10-22,4241,5936,31599250
2025-10-22,10,퍼스트 라이드,2025-10-29,2856,10505,25874000
2025-10-23,1,극장판 체인소 맨: 레제편,2025-09-24,24050,2330532,241330960
2025-10-23,2,8번 출구,2025-10-22,16219,48930,159861580
2025-10-23,3,보스,2025-10-03,14419,2319604,126892300
2025-10-23,4,어쩔수가없다,2025-09-24,9783,2821371,90234690
2025-10-23,5,코렐라인,2009-05-21,7459,244210,72261600
2025-10-23,6,원 배틀 애프터 어나더,2025-10-01,4453,468912,44460020
2025-10-23,7,극장판 귀멸의 칼날: 무한성편,2025-08-22,4340,5488366,42922440
2025-10-23,8,극장판 주술회전: 회옥·옥절,2025-10-16,4140,158740,40296000
2025-10-23,9,세계의 주인,2025-10-22,2912,8848,25751540
2025-10-23,10,에이티즈 에이 투 지 온 스크린,2025-10-23,1953,1953,19530000
2025-10-24,1,극장판 체인소 맨: 레제편,2025-09-24,40585,2371117,438226560
2025-10-24,2,8번 출구,2025-10-22,26285,75215,267570660
2025-10-24,3,보스,2025-10-03,16861,2336465,157524540
2025-10-24,4,어쩔수가없다,2025-09-24,12310,2833681,120635900
2025-10-24,5,코렐라인,2009-05-21,10167,254377,104236000
2025-10-24,6,극장판 주술회전: 회옥·옥절,2025-10-16,6314,165054,63281640
2025-10-24,7,극장판 귀멸의 칼날: 무한성편,2025-08-22,6273,5494639,64672760
2025-10-24,8,원 배틀 애프터 어나더,2025-10-01,5932,474844,65933420
2025-10-24,9,세계의 주인,2025-10-22,5459,14307,50533340
2025-10-24,10,후지모토 타츠키 17-26 파트 1,2025-10-24,2596,2596,28484300
2025-10-25,1,극장판 체인소 맨: 레제편,2025-09-24,108873,2479990,1177289660
2025-10-25,2,8번 출구,2025-10-22,57533,132748,589221670
2025-10-25,3,코렐라인,2009-05-21,24217,278594,245522500
2025-10-25,4,보스,2025-10-03,22632,2359097,222988900
2025-10-25,5,어쩔수가없다,2025-09-24,19102,2852783,191258600
2025-10-25,6,극장판 귀멸의 칼날: 무한성편,2025-08-22,18511,5513150,203946020
2025-10-25,7,극장판 주술회전: 회옥·옥절,2025-10-16,14661,179715,146406120
2025-10-25,8,원 배틀 애프터 어나더,2025-10-01,10487,485331,116560000
2025-10-25,9,세계의 주인,2025-10-22,8143,22450,80621700
2025-10-25,10,웨폰,2025-10-15,3962,73110,41323460
2025-10-26,1,극장판 체인소 맨: 레제편,2025-09-24,70211,2550201,753238870
2025-10-26,2,8번 출구,2025-10-22,53355,186103,542884630
2025-10-26,3,코렐라인,2009-05-21,23744,302338,241483800
2025-10-26,4,보스,2025-10-03,19345,2378442,190446860
2025-10-26,5,극장판 귀멸의 칼날: 무한성편,2025-08-22,17071,5530221,184720270
2025-10-26,6,어쩔수가없다,2025-09-24,16190,2868973,157223190
2025-10-26,7,극장판 주술회전: 회옥·옥절,2025-10-16,12767,192482,126841160
2025-10-26,8,원 배틀 애프터 어나더,2025-10-01,8517,493848,91406320
2025-10-26,9,세계의 주인,2025-10-22,8274,30724,82074150
2025-10-26,10,브레드이발소: 베이커리타운의 악당들,2025-09-27,3192,276229,30060200
2025-10-27,1,극장판 체인소 맨: 레제편,2025-09-24,21108,2571309,219162430
2025-10-27,2,8번 출구,2025-10-22,13532,199635,134281250
2025-10-27,3,보스,2025-10-03,8434,2386876,77397720
2025-10-27,4,어쩔수가없다,2025-09-24,7749,2876722,71851310
2025-10-27,5,코렐라인,2009-05-21,5718,308056,56780100
2025-10-27,6,퍼스트 라이드,2025-10-29,4108,16005,36972000
2025-10-27,7,세계의 주인,2025-10-22,3990,34714,37595360
2025-10-27,8,극장판 귀멸의 칼날: 무한성편,2025-08-22,3343,5533564,33119500
2025-10-27,9,원 배틀 애프터 어나더,2025-10-01,3154,497002,32523400
2025-10-27,10,극장판 주술회전: 회옥·옥절,2025-10-16,2627,195109,25801350
2025-10-28,1,극장판 체인소 맨: 레제편,2025-09-24,20366,2591675,215131520
2025-10-28,2,8번 출구,2025-10-22,12818,212453,126446920
2025-10-28,3,어쩔수가없다,2025-09-24,8555,2885277,77865760
2025-10-28,4,보스,2025-10-03,8020,2394896,70759300
2025-10-28,5,코렐라인,2009-05-21,5588,313644,54874600
2025-10-28,6,퍼스트 라이드,2025-10-29,5214,21219,52040000
2025-10-28,7,세계의 주인,2025-10-22,4944,39658,46645940
2025-10-28,8,원 배틀 애프터 어나더,2025-10-01,3544,500546,36704800
2025-10-28,9,극장판 귀멸의 칼날: 무한성편,2025-08-22,3410,5536974,33717100
2025-10-28,10,극장판 주술회전: 회옥·옥절,2025-10-16,2575,197684,25280970
2025-10-29,1,퍼스트 라이드,2025-10-29,82690,103909,633628240
2025-10-29,2,극장판 체인소 맨: 레제편,2025-09-24,37025,2628700,297225150
2025-10-29,3,8번 출구,2025-10-22,16968,229421,129864900
2025-10-29,4,코렐라인,2009-05-21,10984,324628,82426700
2025-10-29,5,어쩔수가없다,2025-09-24,7589,2892866,60252900
2025-10-29,6,보스,2025-10-03,6833,2401729,51150270
2025-10-29,7,베이비걸,2025-10-29,5865,6419,38626190
2025-10-29,8,극장판 귀멸의 칼날: 무한성편,2025-08-22,5833,5542807,47616000
2025-10-29,9,세계의 주인,2025-10-22,5129,44787,40234100
2025-10-29,10,지드래곤 인 시네마 [위버맨쉬],2025-10-29,4859,5059,130040000
2025-10-30,1,퍼스트 라이드,2025-10-29,34118,138027,310048940
2025-10-30,2,극장판 체인소 맨: 레제편,2025-09-24,17962,2646662,178564760
2025-10-30,3,8번 출구,2025-10-22,8861,238282,87169090
2025-10-30,4,보스,2025-10-03,6382,2408111,51443700
2025-10-30,5,어쩔수가없다,2025-09-24,5147,2898013,46091300
2025-10-30,6,코렐라인,2009-05-21,4661,329289,46256200
2025-10-30,7,말할 수 없는 비밀: 마지막 챕터,2025-10-30,3606,3845,20361800
2025-10-30,8,세계의 주인,2025-10-22,3114,47901,30729440
2025-10-30,9,극장판 귀멸의 칼날: 무한성편,2025-08-22,2636,5545443,25616400
2025-10-30,10,극장판 주술회전: 회옥·옥절,2025-10-16,2342,203606,22682950
2025-10-31,1,퍼스트 라이드,2025-10-29,48470,186497,456737480
2025-10-31,2,극장판 체인소 맨: 레제편,2025-09-24,28392,2675054,298580890
2025-10-31,3,8번 출구,2025-10-22,15494,253776,158951570
2025-10-31,4,코렐라인,2009-05-21,8013,337302,87658100
2025-10-31,5,신세기 에반게리온 극장판 사도신생,2025-10-31,7066,7066,76226700
2025-10-31,6,어쩔수가없다,2025-09-24,7062,2905075,65343050
2025-10-31,7,케이팝 데몬 헌터스,2025-10-31,7013,7013,82401300
2025-10-31,8,보스,2025-10-03,4495,2412606,40382000
2025-10-31,9,극장판 귀멸의 칼날: 무한성편,2025-08-22,4306,5549749,43912570
2025-10-31,10,세계의 주인,2025-10-22,4020,51921,42808200
2025-11-01,1,퍼스트 라이드,2025-10-29,96313,282810,936309230
2025-11-01,2,극장판 체인소 맨: 레제편,2025-09-24,69058,2744112,728896500
2025-11-01,3,8번 출구,2025-10-22,37319,291095,377109140
2025-11-01,4,케이팝 데몬 헌터스,2025-10-31,17578,24591,201263900
2025-11-01,5,코렐라인,2009-05-21,16020,353322,163411100
2025-11-01,6,극장판 귀멸의 칼날: 무한성편,2025-08-22,12536,5562285,138077050
2025-11-01,7,어쩔수가없다,2025-09-24,7549,2912624,74310310
2025-11-01,8,세계의 주인,2025-10-22,7102,59023,72902600
2025-11-01,9,극장판 주술회전: 회옥·옥절,2025-10-16,5811,212023,56422370
2025-11-01,10,원 배틀 애프터 어나더,2025-10-01,4727,514639,47356760
2025-11-02,1,퍼스트 라이드,2025-10-29,85993,368803,838264300
2025-11-02,2,극장판 체인소 맨: 레제편,2025-09-24,50009,2794121,520588830
2025-11-02,3,8번 출구,2025-10-22,31903,322998,322913450
2025-11-02,4,코렐라인,2009-05-21,15188,368510,153603100
2025-11-02,5,케이팝 데몬 헌터스,2025-10-31,14584,39175,174947700
2025-11-02,6,극장판 귀멸의 칼날: 무한성편,2025-08-22,11991,5574276,126075270
2025-11-02,7,어쩔수가없다,2025-09-24,7272,2919896,70681670
2025-11-02,8,세계의 주인,2025-10-22,6604,65627,67228050
2025-11-02,9,극장판 주술회전: 회옥·옥절,2025-10-16,5876,217899,58683630
2025-11-02,10,보스,2025-10-03,3896,2420642,38183460
2025-11-03,1,퍼스트 라이드,2025-10-29,25178,393981,230382360
2025-11-03,2,극장판 체인소 맨: 레제편,2025-09-24,16125,2810246,160946980
2025-11-03,3,8번 출구,2025-10-22,7662,330660,75332400
2025-11-03,4,코렐라인,2009-05-21,3699,372209,36373000
2025-11-03,5,세계의 주인,2025-10-22,3454,69081,33111460
2025-11-03,6,어쩔수가없다,2025-09-24,2866,2922762,26929720
2025-11-03,7,극장판 귀멸의 칼날: 무한성편,2025-08-22,2470,5576746,24136000
2025-11-03,8,보스,2025-10-03,2158,2422800,19420000
2025-11-03,9,원 배틀 애프터 어나더,2025-10-01,1478,519711,14138500
2025-11-03,10,하얀 차를 탄 여자,2025-10-29,1329,15816,12384200
2025-11-04,1,퍼스트 라이드,2025-10-29,23992,417973,215344100
2025-11-04,2,극장판 체인소 맨: 레제편,2025-09-24,14654,2824900,145836700
2025-11-04,3,8번 출구,2025-10-22,7718,338378,73732100
2025-11-04,4,세계의 주인,2025-10-22,3507,72588,33095100
2025-11-04,5,코렐라인,2009-05-21,3485,375694,34029000
2025-11-04,6,어쩔수가없다,2025-09-24,2639,2925401,25282360
2025-11-04,7,극장판 귀멸의 칼날: 무한성편,2025-08-22,2438,5579184,24007300
2025-11-04,8,보스,2025-10-03,2003,2424803,17947700
2025-11-04,9,하얀 차를 탄 여자,2025-10-29,1747,17563,17127900
2025-11-04,10,원 배틀 애프터 어나더,2025-10-01,1551,521262,15017500
2025-11-05,1,프레데터: 죽음의 땅,2025-11-05,34746,36427,342976290
2025-11-05,2,극장판 체인소 맨: 레제편,2025-09-24,24605,2849505,254710540
2025-11-05,3,퍼스트 라이드,2025-10-29,22418,440391,207468280
2025-11-05,4,부고니아,2025-11-05,9092,11191,85688870
2025-11-05,5,8번 출구,2025-10-22,7033,345411,66406100
2025-11-05,6,구원자,2025-11-05,5939,7051,51397100
2025-11-05,7,난징사진관,2025-11-05,4585,5765,41456800
2025-11-05,8,반지의 제왕 : 반지원정대,2001-12-31,3845,39470,56491460
2025-11-05,9,엄마를 버리러 갑니다,2025-11-05,3401,4134,29553800
2025-11-05,10,위키드,2024-11-20,3121,2249769,28532900
2025-11-06,1,프레데터: 죽음의 땅,2025-11-05,24592,61019,246301070
2025-11-06,2,퍼스트 라이드,2025-10-29,17487,457878,158633430
2025-11-06,3,극장판 체인소 맨: 레제편,2025-09-24,14755,2864260,150868610
2025-11-06,4,8번 출구,2025-10-22,5908,351319,56502600
2025-11-06,5,부고니아,2025-11-05,5895,17086,56319600
2025-11-06,6,구원자,2025-11-05,3755,10806,32889800
2025-11-06,7,난징사진관,2025-11-05,3023,8788,27471300
2025-11-06,8,위키드,2024-11-20,2356,2252125,21343900
2025-11-06,9,엄마를 버리러 갑니다,2025-11-05,2282,6416,19356800
2025-11-06,10,세계의 주인,2025-10-22,2215,77288,20996660
2025-11-07,1,프레데터: 죽음의 땅,2025-11-05,34221,95240,358590340
2025-11-07,2,퍼스트 라이드,2025-10-29,25884,483762,238580850
2025-11-07,3,극장판 체인소 맨: 레제편,2025-09-24,20812,2885072,220769540
2025-11-07,4,8번 출구,2025-10-22,8576,359895,86167700
2025-11-07,5,부고니아,2025-11-05,6381,23467,63640500
2025-11-07,6,구원자,2025-11-05,3831,14637,34410650
2025-11-07,7,세계의 주인,2025-10-22,3396,80684,34715500
2025-11-07,8,코렐라인,2009-05-21,3072,383305,31394500
2025-11-07,9,위키드,2024-11-20,2959,2255084,27085200
2025-11-07,10,난징사진관,2025-11-05,2881,11669,26222300
2025-11-08,1,프레데터: 죽음의 땅,2025-11-05,70867,166107,754608500
2025-11-08,2,극장판 체인소 맨: 레제편,2025-09-24,55338,2940410,587890990
2025-11-08,3,퍼스트 라이드,2025-10-29,52135,535897,510257050
2025-11-08,4,8번 출구,2025-10-22,20451,380346,207855230
2025-11-08,5,부고니아,2025-11-05,8583,32050,89058770
2025-11-08,6,코렐라인,2009-05-21,8170,391475,82631600
2025-11-08,7,극장판 귀멸의 칼날: 무한성편,2025-08-22,8157,5593847,81353010
2025-11-08,8,극장판 똘똘이: 아기공룡의 비밀,2025-11-07,8053,9692,75576700
2025-11-08,9,위키드,2024-11-20,5558,2260642,51132320
2025-11-08,10,세계의 주인,2025-10-22,4750,85434,47883600
2025-11-09,1,프레데터: 죽음의 땅,2025-11-05,54996,221103,581646590
2025-11-09,2,퍼스트 라이드,2025-10-29,42315,578212,414592670
2025-11-09,3,극장판 체인소 맨: 레제편,2025-09-24,36994,2977404,392002410
2025-11-09,4,8번 출구,2025-10-22,16015,396361,161871450
2025-11-09,5,극장판 똘똘이: 아기공룡의 비밀,2025-11-07,8704,18396,81560700
2025-11-09,6,극장판 귀멸의 칼날: 무한성편,2025-08-22,7601,5601448,74445670
2025-11-09,7,코렐라인,2009-05-21,7346,398821,73871800
2025-11-09,8,부고니아,2025-11-05,6658,38708,71051750
2025-11-09,9,위키드,2024-11-20,4665,2265307,42752700
2025-11-09,10,세계의 주인,2025-10-22,4570,90004,45776540
2025-11-10,1,프레데터: 죽음의 땅,2025-11-05,17628,238731,180241700
2025-11-10,2,퍼스트 라이드,2025-10-29,12074,590286,110506000
2025-11-10,3,극장판 체인소 맨: 레제편,2025-09-24,11479,2988883,117370830
2025-11-10,4,8번 출구,2025-10-22,4616,400977,44624800
2025-11-10,5,부고니아,2025-11-05,2885,41593,28619620
2025-11-10,6,세계의 주인,2025-10-22,2103,92107,20683100
2025-11-10,7,극장판 귀멸의 칼날: 무한성편,2025-08-22,1836,5603284,18187800
2025-11-10,8,구원자,2025-11-05,1820,25085,15667000
2025-11-10,9,코렐라인,2009-05-21,1554,400375,15338500
2025-11-10,10,위키드,2024-11-20,1470,2266777,13524900
2025-11-11,1,프레데터: 죽음의 땅,2025-11-05,17068,255799,174744020
2025-11-11,2,퍼스트 라이드,2025-10-29,13358,603644,121505000
2025-11-11,3,극장판 체인소 맨: 레제편,2025-09-24,11108,2999991,113205100
2025-11-11,4,부고니아,2025-11-05,3731,45324,35657000
2025-11-11,5,8번 출구,2025-10-22,3695,404672,37817820
2025-11-11,6,구원자,2025-11-05,2769,27854,23522800
2025-11-11,7,엄마를 버리러 갑니다,2025-11-05,2373,17612,17854300
2025-11-11,8,난징사진관,2025-11-05,2345,20091,18700600
2025-11-11,9,극장판 귀멸의 칼날: 무한성편,2025-08-22,2070,5605354,20485380
2025-11-11,10,세계의 주인,2025-10-22,2062,94169,19595700
2025-11-12,1,나우 유 씨 미 3,2025-11-12,82300,82951,762366540
2025-11-12,2,극장판 체인소 맨: 레제편,2025-09-24,19512,3019503,193784860
2025-11-12,3,퍼스트 라이드,2025-10-29,12949,616593,119141890
2025-11-12,4,프레데터: 죽음의 땅,2025-11-05,12177,267976,116667860
2025-11-12,5,8번 출구,2025-10-22,4092,408764,40230100
2025-11-12,6,명탐정 코난: 척안의 잔상,2025-07-16,2517,741430,27873500
2025-11-12,7,세계의 주인,2025-10-22,2500,96669,24307300
2025-11-12,8,부고니아,2025-11-05,2376,47700,22318900
2025-11-12,9,구원자,2025-11-05,1952,29806,17289700
2025-11-12,10,극장판 귀멸의 칼날: 무한성편,2025-08-22,1896,5607250,18628980
2025-11-13,1,나우 유 씨 미 3,2025-11-12,68497,151448,629849950
2025-11-13,2,극장판 체인소 맨: 레제편,2025-09-24,21558,3041061,210524310
2025-11-13,3,퍼스트 라이드,2025-10-29,19091,635684,169110510
2025-11-13,4,프레데터: 죽음의 땅,2025-11-05,11990,279966,113694000
2025-11-13,5,8번 출구,2025-10-22,4815,413579,46615620
2025-11-13,6,코렐라인,2009-05-21,2629,406649,24832000
2025-11-13,7,세계의 주인,2025-10-22,2324,98993,23011960
2025-11-13,8,극장판 귀멸의 칼날: 무한성편,2025-08-22,2266,5609516,21891300
2025-11-13,9,부고니아,2025-11-05,2113,49813,20780400
2025-11-13,10,명탐정 코난: 척안의 잔상,2025-07-16,1604,743034,17700000
2025-11-14,1,나우 유 씨 미 3,2025-11-12,92708,244156,888641590
2025-11-14,2,극장판 체인소 맨: 레제편,2025-09-24,22915,3063976,236024880
2025-11-14,3,프레데터: 죽음의 땅,2025-11-05,16357,296323,160174770
2025-11-14,4,퍼스트 라이드,2025-10-29,15216,650900,133302400
2025-11-14,5,8번 출구,2025-10-22,4417,417996,44358870
2025-11-14,6,부고니아,2025-11-05,3099,52912,30911500
2025-11-14,7,극장판 귀멸의 칼날: 무한성편,2025-08-22,2863,5612379,28721250
2025-11-14,8,코렐라인,2009-05-21,2462,409111,23483000
2025-11-14,9,세계의 주인,2025-10-22,2335,101328,23323750
2025-11-14,10,난징사진관,2025-11-05,1877,24213,16435300
2025-11-15,1,나우 유 씨 미 3,2025-11-12,183741,427897,1773221610
2025-11-15,2,극장판 체인소 맨: 레제편,2025-09-24,59580,3123556,624379080
2025-11-15,3,프레데터: 죽음의 땅,2025-11-05,34582,330905,341334060
2025-11-15,4,퍼스트 라이드,2025-10-29,21818,672718,213540120
2025-11-15,5,8번 출구,2025-10-22,8545,426541,86977880
2025-11-15,6,극장판 귀멸의 칼날: 무한성편,2025-08-22,7828,5620207,78420900
2025-11-15,7,꼬마돼지 베이브와 타피티,2025-11-13,5307,9957,46266550
2025-11-15,8,부고니아,2025-11-05,4502,57414,48557680
2025-11-15,9,극장판 똘똘이: 아기공룡의 비밀,2025-11-07,4300,25249,41443800
2025-11-15,10,코렐라인,2009-05-21,3975,413086,39714900
2025-11-16,1,나우 유 씨 미 3,2025-11-12,158846,586743,1532628810
2025-11-16,2,극장판 체인소 맨: 레제편,2025-09-24,35093,3158649,363036100
2025-11-16,3,프레데터: 죽음의 땅,2025-11-05,27984,358889,275493460
2025-11-16,4,퍼스트 라이드,2025-10-29,18199,690917,172459570
2025-11-16,5,극장판 귀멸의 칼날: 무한성편,2025-08-22,7373,5627580,73323700
2025-11-16,6,8번 출구,2025-10-22,7263,433804,73693250
2025-11-16,7,꼬마돼지 베이브와 타피티,2025-11-13,5352,15309,46923800
2025-11-16,8,극장판 똘똘이: 아기공룡의 비밀,2025-11-07,4417,29666,42499900
2025-11-16,9,코렐라인,2009-05-21,4225,417311,41332400
2025-11-16,10,부고니아,2025-11-05,3787,61201,39157660
2025-11-17,1,나우 유 씨 미 3,2025-11-12,53445,640188,499772220
2025-11-17,2,극장판 체인소 맨: 레제편,2025-09-24,14123,3172772,138025220
2025-11-17,3,프레데터: 죽음의 땅,2025-11-05,9207,368096,87204340
2025-11-17,4,퍼스트 라이드,2025-10-29,7122,698039,62583220
2025-11-17,5,8번 출구,2025-10-22,2606,436410,22036700
2025-11-17,6,부고니아,2025-11-05,2074,63275,20273600
2025-11-17,7,세계의 주인,2025-10-22,2071,110631,19155700
2025-11-17,8,극장판 귀멸의 칼날: 무한성편,2025-08-22,1988,5629568,19098240
2025-11-17,9,위키드,2024-11-20,1273,2279391,11454500
2025-11-17,10,코렐라인,2009-05-21,1122,418433,10574700
2025-11-18,1,나우 유 씨 미 3,2025-11-12,48871,689059,449898070
2025-11-18,2,극장판 체인소 맨: 레제편,2025-09-24,13006,3185778,128001300
2025-11-18,3,프레데터: 죽음의 땅,2025-11-05,8289,376385,78238200
2025-11-18,4,퍼스트 라이드,2025-10-29,8103,706142,69687300
2025-11-18,5,극장판 귀멸의 칼날: 무한성편,2025-08-22,2578,5632146,23961320
2025-11-18,6,8번 출구,2025-10-22,2324,438734,19660820
2025-11-18,7,부고니아,2025-11-05,2251,65526,22551400
2025-11-18,8,세계의 주인,2025-10-22,1621,112252,15826400
2025-11-18,9,위키드,2024-11-20,1606,2280997,14566900
2025-11-18,10,난징사진관,2025-11-05,1358,28800,12396600
2025-11-19,1,위키드: 포 굿,2025-11-19,108146,108830,1103970760
2025-11-19,2,나우 유 씨 미 3,2025-11-12,40741,729800,379762160
2025-11-19,3,극장판 체인소 맨: 레제편,2025-09-24,17431,3203209,166740440
2025-11-19,4,국보,2025-11-19,9569,14184,86754260
2025-11-19,5,나혼자 프린스,2025-11-19,6090,7223,51809500
2025-11-19,6,프레데터: 죽음의 땅,2025-11-05,4413,380798,40556700
2025-11-19,7,퍼스트 라이드,2025-10-29,4201,710343,33735500
2025-11-19,8,포레스텔라 : 더 웨이브 인 시네마,2025-11-19,2025,2025,50625000
2025-11-19,9,코렐라인,2009-05-21,1678,421190,11370600
2025-11-19,10,8번 출구,2025-10-22,1668,440402,13494000
2025-11-20,1,위키드: 포 굿,2025-11-19,52475,161305,539994820
2025-11-20,2,나우 유 씨 미 3,2025-11-12,37010,766810,347114010
2025-11-20,3,극장판 체인소 맨: 레제편,2025-09-24,10092,3213301,97196580
2025-11-20,4,국보,2025-11-19,6746,20930,60792500
2025-11-20,5,나혼자 프린스,2025-11-19,5126,12349,43700900
2025-11-20,6,프레데터: 죽음의 땅,2025-11-05,3928,384726,37601210
2025-11-20,7,퍼스트 라이드,2025-10-29,3900,714243,32441000
2025-11-20,8,가타카,1998-05-02,1388,1474,13581760
2025-11-20,9,세계의 주인,2025-10-22,1373,114715,12761300
2025-11-20,10,8번 출구,2025-10-22,1340,441742,11146400
2025-11-21,1,위키드: 포 굿,2025-11-19,77314,238619,837495440
2025-11-21,2,나우 유 씨 미 3,2025-11-12,53165,819975,508239070
2025-11-21,3,극장판 체인소 맨: 레제편,2025-09-24,13136,3226437,133466540
2025-11-21,4,국보,2025-11-19,9700,30630,91689980
2025-11-21,5,나혼자 프린스,2025-11-19,6816,19165,61057850
2025-11-21,6,엔드 오브 에반게리온,2024-01-17,5696,38428,61467500
2025-11-21,7,프레데터: 죽음의 땅,2025-11-05,5672,390398,55371250
2025-11-21,8,퍼스트 라이드,2025-10-29,4810,719053,42624600
2025-11-21,9,극장판 귀멸의 칼날: 무한성편,2025-08-22,1737,5636347,17600500
2025-11-21,10,세계의 주인,2025-10-22,1463,116178,15000640
2025-11-22,1,위키드: 포 굿,2025-11-19,164791,403410,1721143370
2025-11-22,2,나우 유 씨 미 3,2025-11-12,103015,922990,1005065790
2025-11-22,3,극장판 체인소 맨: 레제편,2025-09-24,27583,3254020,279317470
2025-11-22,4,국보,2025-11-19,14908,45538,145137410
2025-11-22,5,프레데터: 죽음의 땅,2025-11-05,10646,401044,103061090
2025-11-22,6,나혼자 프린스,2025-11-19,8982,28147,84739600
2025-11-22,7,퍼스트 라이드,2025-10-29,5451,724504,50479650
2025-11-22,8,세계의 주인,2025-10-22,5329,121507,53961560
2025-11-22,9,극장판 귀멸의 칼날: 무한성편,2025-08-22,5185,5641532,50567250
2025-11-22,10,극장판 똘똘이: 아기공룡의 비밀,2025-11-07,2631,33313,25150300
2025-11-23,1,위키드: 포 굿,2025-11-19,133952,537362,1382849190
2025-11-23,2,나우 유 씨 미 3,2025-11-12,90295,1013285,879385410
2025-11-23,3,극장판 체인소 맨: 레제편,2025-09-24,22256,3276276,225631570
2025-11-23,4,국보,2025-11-19,12792,58330,124703920
2025-11-23,5,프레데터: 죽음의 땅,2025-11-05,8584,409628,82641000
2025-11-23,6,나혼자 프린스,2025-11-19,7725,35872,73436100
2025-11-23,7,세계의 주인,2025-10-22,6600,128107,68370460
2025-11-23,8,극장판 귀멸의 칼날: 무한성편,2025-08-22,5249,5646781,51019400
2025-11-23,9,퍼스트 라이드,2025-10-29,4603,729107,43667000
2025-11-23,10,극장판 똘똘이: 아기공룡의 비밀,2025-11-07,2881,36194,27513400
2025-11-24,1,위키드: 포 굿,2025-11-19,30179,567541,306957480
2025-11-24,2,나우 유 씨 미 3,2025-11-12,29408,1042693,273025210
2025-11-24,3,극장판 체인소 맨: 레제편,2025-09-24,8300,3284576,79798520
2025-11-24,4,국보,2025-11-19,6639,64969,61321850
2025-11-24,5,세계의 주인,2025-10-22,3905,132012,38236190
2025-11-24,6,나혼자 프린스,2025-11-19,3283,39155,29384360
2025-11-24,7,프레데터: 죽음의 땅,2025-11-05,3148,412776,29122860
2025-11-24,8,퍼스트 라이드,2025-10-29,2278,731385,19517500
2025-11-24,9,극장판 귀멸의 칼날: 무한성편,2025-08-22,1501,5648282,14539600
2025-11-24,10,가타카,1998-05-02,926,8158,8837240
2025-11-25,1,나우 유 씨 미 3,2025-11-12,29804,1072497,275166980
2025-11-25,2,위키드: 포 굿,2025-11-19,28697,596238,288963260
2025-11-25,3,극장판 체인소 맨: 레제편,2025-09-24,8438,3293014,81341420
2025-11-25,4,국보,2025-11-19,7047,72016,64282510
2025-11-25,5,나혼자 프린스,2025-11-19,4365,43520,36333400
2025-11-25,6,세계의 주인,2025-10-22,3971,135983,38965050
2025-11-25,7,프레데터: 죽음의 땅,2025-11-05,2914,415690,27211800
2025-11-25,8,윗집 사람들,2025-12-03,2837,2837,30069000
2025-11-25,9,힘,2025-11-26,2614,2614,18298000
2025-11-25,10,퍼스트 라이드,2025-10-29,2606,733991,23342100
2025-11-26,1,주토피아 2,2025-11-26,309168,310951,2491089050
2025-11-26,2,나우 유 씨 미 3,2025-11-12,35043,1107540,271747320
2025-11-26,3,위키드: 포 굿,2025-11-19,34125,630363,281603140
2025-11-26,4,극장판 체인소 맨: 레제편,2025-09-24,9899,3302913,84833480
2025-11-26,5,국보,2025-11-19,9251,81267,71316300
2025-11-26,6,한란,2025-11-26,3458,4561,24466200
2025-11-26,7,세계의 주인,2025-10-22,3327,139310,26529600
2025-11-26,8,석류의 빛깔 ,2025-11-26,2983,3874,26474500
2025-11-26,9,나혼자 프린스,2025-11-19,2397,45917,18711300
2025-11-26,10,퍼스트 라이드,2025-10-29,1885,735876,12546300
2025-11-27,1,주토피아 2,2025-11-26,172048,482999,1647740230
2025-11-27,2,나우 유 씨 미 3,2025-11-12,22414,1129954,208031130
2025-11-27,3,위키드: 포 굿,2025-11-19,18213,648576,180130720
2025-11-27,4,국보,2025-11-19,6596,87863,59007400
2025-11-27,5,극장판 체인소 맨: 레제편,2025-09-24,5847,3308760,56325320
2025-11-27,6,한란,2025-11-26,3042,7603,20885900
2025-11-27,7,세계의 주인,2025-10-22,2417,141727,23661540
2025-11-27,8,윗집 사람들,2025-12-03,2313,5373,20817000
2025-11-27,9,나혼자 프린스,2025-11-19,2070,47987,18768600
2025-11-27,10,퍼스트 라이드,2025-10-29,1959,737835,19067400
2025-11-28,1,주토피아 2,2025-11-26,258740,741739,2587554610
2025-11-28,2,나우 유 씨 미 3,2025-11-12,29151,1159105,277288910
2025-11-28,3,위키드: 포 굿,2025-11-19,27537,676113,291539770
2025-11-28,4,국보,2025-11-19,8171,96034,77057700
2025-11-28,5,극장판 체인소 맨: 레제편,2025-09-24,7827,3316587,80006310
2025-11-28,6,세계의 주인,2025-10-22,3124,144851,30545550
2025-11-28,7,한란,2025-11-26,2519,10122,21028600
2025-11-28,8,정보원,2025-12-03,2095,2598,23218000
2025-11-28,9,나혼자 프린스,2025-11-19,1418,49405,13658300
2025-11-28,10,윗집 사람들,2025-12-03,1323,6696,14553000
2025-11-29,1,주토피아 2,2025-11-26,700790,1442529,6897143360
2025-11-29,2,위키드: 포 굿,2025-11-19,57798,733911,616043760
2025-11-29,3,나우 유 씨 미 3,2025-11-12,48537,1207642,470960480
2025-11-29,4,극장판 체인소 맨: 레제편,2025-09-24,20589,3337176,212411390
2025-11-29,5,국보,2025-11-19,9963,105997,99041300
2025-11-29,6,극장판 귀멸의 칼날: 무한성편,2025-08-22,5012,5657327,52552690
2025-11-29,7,세계의 주인,2025-10-22,4657,149508,45334720
2025-11-29,8,정보원,2025-12-03,3275,5873,40076050
2025-11-29,9,한란,2025-11-26,2633,12755,23042650
2025-11-29,10,석류의 빛깔 ,2025-11-26,1914,8571,23958200
2025-11-30,1,주토피아 2,2025-11-26,664337,2106866,6508786460
2025-11-30,2,위키드: 포 굿,2025-11-19,48017,781928,493145190
2025-11-30,3,나우 유 씨 미 3,2025-11-12,44450,1252092,424554150
2025-11-30,4,극장판 체인소 맨: 레제편,2025-09-24,12507,3349683,124784300
2025-11-30,5,국보,2025-11-19,9329,115326,90041680
2025-11-30,6,극장판 귀멸의 칼날: 무한성편,2025-08-22,5370,5662697,56062940
2025-11-30,7,세계의 주인,2025-10-22,3856,153364,37827350
2025-11-30,8,정보원,2025-12-03,3368,9241,41025300
2025-11-30,9,한란,2025-11-26,2570,15325,23016160
2025-11-30,10,나혼자 프린스,2025-11-19,1585,52636,16309500
2025-12-01,1,주토피아 2,2025-11-26,152584,2259450,1464831980
2025-12-01,2,나우 유 씨 미 3,2025-11-12,16221,1268313,149432070
2025-12-01,3,위키드: 포 굿,2025-11-19,11878,793806,116259930
2025-12-01,4,극장판 체인소 맨: 레제편,2025-09-24,5423,3355106,54198050
2025-12-01,5,국보,2025-11-19,5250,120576,47791820
2025-12-01,6,세계의 주인,2025-10-22,1734,155098,16048500
2025-12-01,7,한란,2025-11-26,1278,16603,10612300
2025-12-01,8,콘크리트 마켓,2025-12-03,1233,1616,9399000
2025-12-01,9,석류의 빛깔 ,2025-11-26,930,11045,8837600
2025-12-01,10,극장판 귀멸의 칼날: 무한성편,2025-08-22,924,5663621,8926700
2025-12-02,1,주토피아 2,2025-11-26,141447,2400897,1338676570
2025-12-02,2,나우 유 씨 미 3,2025-11-12,14702,1283015,132195700
2025-12-02,3,위키드: 포 굿,2025-11-19,11803,805609,115043700
2025-12-02,4,극장판 체인소 맨: 레제편,2025-09-24,5247,3360353,52289750
2025-12-02,5,국보,2025-11-19,5142,125718,46754660
2025-12-02,6,세계의 주인,2025-10-22,1850,156948,16807760
2025-12-02,7,한란,2025-11-26,1702,18305,12720200
2025-12-02,8,극장판 주술회전: 시부야사변 X 사멸회유,2025-12-03,1286,2945,15773800
2025-12-02,9,석류의 빛깔 ,2025-11-26,937,11982,8596600
2025-12-02,10,극장판 귀멸의 칼날: 무한성편,2025-08-22,909,5664530,8775750
2025-12-03,1,주토피아 2,2025-11-26,149236,2550133,1406321030
2025-12-03,2,극장판 주술회전: 시부야사변 X 사멸회유,2025-12-03,52366,55311,528175730
2025-12-03,3,윗집 사람들,2025-12-03,25425,34505,227143070
2025-12-03,4,정보원,2025-12-03,20726,29967,181033500
2025-12-03,5,프레디의 피자가게 2,2025-12-03,13096,13238,126838010
2025-12-03,6,위키드: 포 굿,2025-11-19,7835,813444,77788870
2025-12-03,7,나우 유 씨 미 3,2025-11-12,7360,1290375,67344770
2025-12-03,8,극장판 체인소 맨: 레제편,2025-09-24,6192,3366545,62258890
2025-12-03,9,반지의 제왕 : 두 개의 탑,2002-12-19,4360,42495,64339930
2025-12-03,10,콘크리트 마켓,2025-12-03,3887,5503,27775600
2025-12-04,1,주토피아 2,2025-11-26,128427,2678560,1207486370
2025-12-04,2,극장판 주술회전: 시부야사변 X 사멸회유,2025-12-03,22473,77784,224413160
2025-12-04,3,윗집 사람들,2025-12-03,21533,56038,194658610
2025-12-04,4,정보원,2025-12-03,17561,47528,153184560
2025-12-04,5,위키드: 포 굿,2025-11-19,8210,821654,80151630
2025-12-04,6,나우 유 씨 미 3,2025-11-12,7998,1298373,71962600
2025-12-04,7,프레디의 피자가게 2,2025-12-03,7409,20647,72398550
2025-12-04,8,극장판 체인소 맨: 레제편,2025-09-24,3178,3369723,32045420
2025-12-04,9,국보,2025-11-19,2758,131472,25981700
2025-12-04,10,콘크리트 마켓,2025-12-03,2388,7891,16842100
2025-12-05,1,주토피아 2,2025-11-26,189916,2868476,1868754350
2025-12-05,2,윗집 사람들,2025-12-03,28539,84577,268576600
2025-12-05,3,극장판 주술회전: 시부야사변 X 사멸회유,2025-12-03,25747,103531,269690490
2025-12-05,4,정보원,2025-12-03,17237,64765,156158960
2025-12-05,5,프레디의 피자가게 2,2025-12-03,12096,32743,123358300
2025-12-05,6,위키드: 포 굿,2025-11-19,9518,831172,96049670
2025-12-05,7,나우 유 씨 미 3,2025-11-12,7281,1305654,69884900
2025-12-05,8,국보,2025-11-19,3390,134862,34165300
2025-12-05,9,극장판 체인소 맨: 레제편,2025-09-24,3068,3372791,32725420
2025-12-05,10,콘크리트 마켓,2025-12-03,2581,10472,18716100
2025-12-06,1,주토피아 2,2025-11-26,563535,3432011,5529134680
2025-12-06,2,극장판 주술회전: 시부야사변 X 사멸회유,2025-12-03,53205,156736,556027790
2025-12-06,3,윗집 사람들,2025-12-03,50178,134755,493171810
2025-12-06,4,프레디의 피자가게 2,2025-12-03,28847,61590,286855820
2025-12-06,5,위키드: 포 굿,2025-11-19,21419,852591,217697010
2025-12-06,6,정보원,2025-12-03,19780,84545,187324010
2025-12-06,7,극장판 체인소 맨: 레제편,2025-09-24,14485,3387276,150783120
2025-12-06,8,나우 유 씨 미 3,2025-11-12,11481,1317135,115510820
2025-12-06,9,콘크리트 마켓,2025-12-03,5097,15569,53761300
2025-12-06,10,국보,2025-11-19,4515,139377,45853020
2025-12-07,1,주토피아 2,2025-11-26,499205,3931216,4857541390
2025-12-07,2,윗집 사람들,2025-12-03,50746,185501,500959900
2025-12-07,3,극장판 주술회전: 시부야사변 X 사멸회유,2025-12-03,42744,199480,451306400
2025-12-07,4,프레디의 피자가게 2,2025-12-03,24544,86134,241684230
2025-12-07,5,위키드: 포 굿,2025-11-19,18501,871092,185034110
2025-12-07,6,정보원,2025-12-03,16719,101264,157540630
2025-12-07,7,나우 유 씨 미 3,2025-11-12,9576,1326711,94955400
2025-12-07,8,극장판 체인소 맨: 레제편,2025-09-24,6144,3393420,62890520
2025-12-07,9,국보,2025-11-19,4577,143954,45777560
2025-12-07,10,콘크리트 마켓,2025-12-03,3470,19039,37594500
2025-12-08,1,주토피아 2,2025-11-26,96969,4028185,918744700
2025-12-08,2,윗집 사람들,2025-12-03,20548,206049,192842250
2025-12-08,3,극장판 주술회전: 시부야사변 X 사멸회유,2025-12-03,10661,210141,108400700
2025-12-08,4,정보원,2025-12-03,7046,108310,61518500
2025-12-08,5,위키드: 포 굿,2025-11-19,6131,877223,57957700
2025-12-08,6,프레디의 피자가게 2,2025-12-03,5633,91767,55570900
2025-12-08,7,나우 유 씨 미 3,2025-11-12,4224,1330935,39095800
2025-12-08,8,국보,2025-11-19,2763,146717,26153400
2025-12-08,9,극장판 체인소 맨: 레제편,2025-09-24,2601,3396021,26231680
2025-12-08,10,세계의 주인,2025-10-22,1269,166061,11187470
2025-12-09,1,주토피아 2,2025-11-26,96276,4124461,903016940
2025-12-09,2,윗집 사람들,2025-12-03,20555,226604,191527950
2025-12-09,3,정보원,2025-12-03,9874,118184,85444000
2025-12-09,4,극장판 주술회전: 시부야사변 X 사멸회유,2025-12-03,9635,219776,96606760
2025-12-09,5,프레디의 피자가게 2,2025-12-03,6368,98135,61731600
2025-12-09,6,위키드: 포 굿,2025-11-19,5525,882748,53048380
2025-12-09,7,나우 유 씨 미 3,2025-11-12,5106,1336041,45248300
2025-12-09,8,국보,2025-11-19,3623,150340,32962400
2025-12-09,9,극장판 체인소 맨: 레제편,2025-09-24,2770,3398791,27491880
2025-12-09,10,콘크리트 마켓,2025-12-03,2008,21784,13554800
2025-12-10,1,주토피아 2,2025-11-26,131348,4255809,1245770740
2025-12-10,2,윗집 사람들,2025-12-03,20869,247473,194315070
2025-12-10,3,극장판 주술회전: 시부야사변 X 사멸회유,2025-12-03,11782,231558,114068290
2025-12-10,4,프레디의 피자가게 2,2025-12-03,7665,105800,73938600
2025-12-10,5,정보원,2025-12-03,7480,125664,68542500
2025-12-10,6,더 러닝 맨,2025-12-10,7260,8463,69483860
2025-12-10,7,위키드: 포 굿,2025-11-19,5710,888458,51573440
2025-12-10,8,나우 유 씨 미 3,2025-11-12,5428,1341469,48424500
2025-12-10,9,룩백,2024-09-05,4093,313985,39938860
2025-12-10,10,여행과 나날,2025-12-10,3786,5525,34455600
2025-12-11,1,주토피아 2,2025-11-26,108697,4364506,1036476210
2025-12-11,2,윗집 사람들,2025-12-03,21230,268703,198925560
2025-12-11,3,극장판 주술회전: 시부야사변 X 사멸회유,2025-12-03,9226,240784,88672270
2025-12-11,4,정보원,2025-12-03,6659,132323,60227700
2025-12-11,5,프레디의 피자가게 2,2025-12-03,6574,112374,63617000
2025-12-11,6,뽀로로 극장판 스위트캐슬 대모험,2025-12-11,6510,7565,49708500
2025-12-11,7,위키드: 포 굿,2025-11-19,5759,894217,53945400
2025-12-11,8,더 러닝 맨,2025-12-10,5590,14053,52789180
2025-12-11,9,나우 유 씨 미 3,2025-11-12,3659,1345128,33205450
2025-12-11,10,국보,2025-11-19,3150,156820,28542200
2025-12-12,1,주토피아 2,2025-11-26,180122,4544628,1782957350
2025-12-12,2,윗집 사람들,2025-12-03,28952,297655,283096270
2025-12-12,3,극장판 주술회전: 시부야사변 X 사멸회유,2025-12-03,14080,254864,142460500
2025-12-12,4,프레디의 피자가게 2,2025-12-03,11451,123825,115425500
2025-12-12,5,위키드: 포 굿,2025-11-19,8616,902833,83578140
2025-12-12,6,뽀로로 극장판 스위트캐슬 대모험,2025-12-11,5870,13435,45741650
2025-12-12,7,정보원,2025-12-03,5800,138123,49420720
2025-12-12,8,더 러닝 맨,2025-12-10,5242,19295,51151770
2025-12-12,9,나우 유 씨 미 3,2025-11-12,4436,1349564,41508600
2025-12-12,10,블루 아카이브 : 디 오케스트라 인 시네마,2025-12-12,3774,3924,75399000
2025-12-13,1,주토피아 2,2025-11-26,427384,4972012,4212118870
2025-12-13,2,윗집 사람들,2025-12-03,57753,355408,574004200
2025-12-13,3,뽀로로 극장판 스위트캐슬 대모험,2025-12-11,32811,46246,292888040
2025-12-13,4,프레디의 피자가게 2,2025-12-03,28416,152241,282477750
2025-12-13,5,극장판 주술회전: 시부야사변 X 사멸회유,2025-12-03,24141,279005,242000450
2025-12-13,6,위키드: 포 굿,2025-11-19,12899,915732,129961440
2025-12-13,7,더 러닝 맨,2025-12-10,6490,25785,66269240
2025-12-13,8,여행과 나날,2025-12-10,4671,16605,45803600
2025-12-13,9,극장판 체인소 맨: 레제편,2025-09-24,4347,3409895,46910880
2025-12-13,10,나우 유 씨 미 3,2025-11-12,4104,1353668,42388000
2025-12-14,1,주토피아 2,2025-11-26,398897,5370909,3900726940
2025-12-14,2,윗집 사람들,2025-12-03,53649,409057,535872190
2025-12-14,3,뽀로로 극장판 스위트캐슬 대모험,2025-12-11,35748,81994,322194890
2025-12-14,4,프레디의 피자가게 2,2025-12-03,26412,178653,261858770
2025-12-14,5,극장판 주술회전: 시부야사변 X 사멸회유,2025-12-03,21033,300038,211902430
2025-12-14,6,위키드: 포 굿,2025-11-19,11490,927222,114333110
2025-12-14,7,더 러닝 맨,2025-12-10,5213,30998,52703550
2025-12-14,8,국보,2025-11-19,4278,168773,42472900
2025-12-14,9,정보원,2025-12-03,4146,146321,39129400
2025-12-14,10,여행과 나날,2025-12-10,4014,20619,39321100
2025-12-15,1,주토피아 2,2025-11-26,81923,5452832,786570990
2025-12-15,2,윗집 사람들,2025-12-03,19175,428232,182337420
2025-12-15,3,극장판 주술회전: 시부야사변 X 사멸회유,2025-12-03,6528,306566,62597500
2025-12-15,4,프레디의 피자가게 2,2025-12-03,6159,184812,57837800
2025-12-15,5,위키드: 포 굿,2025-11-19,5252,932474,47554640
2025-12-15,6,정보원,2025-12-03,3333,149654,28342700
2025-12-15,7,나우 유 씨 미 3,2025-11-12,3161,1360287,28996380
2025-12-15,8,더 러닝 맨,2025-12-10,3002,34000,27694160
2025-12-15,9,뽀로로 극장판 스위트캐슬 대모험,2025-12-11,2996,84990,24409620
2025-12-15,10,국보,2025-11-19,2734,171507,24531260
2025-12-16,1,주토피아 2,2025-11-26,93113,5545945,888508140
2025-12-16,2,윗집 사람들,2025-12-03,17583,445815,166439320
2025-12-16,3,극장판 주술회전: 시부야사변 X 사멸회유,2025-12-03,7166,313732,69087600
2025-12-16,4,프레디의 피자가게 2,2025-12-03,6541,191353,63094530
2025-12-16,5,위키드: 포 굿,2025-11-19,4968,937442,47546770
2025-12-16,6,정보원,2025-12-03,4157,153811,36591400
2025-12-16,7,뽀로로 극장판 스위트캐슬 대모험,2025-12-11,3633,88623,28565300
2025-12-16,8,만약에 우리,2025-12-31,2907,3990,26562000
2025-12-16,9,나우 유 씨 미 3,2025-11-12,2667,1362954,25156230
2025-12-16,10,여행과 나날,2025-12-10,2508,25326,23192800
2025-12-17,1,아바타: 불과 재,2025-12-17,265031,266411,2950290960
2025-12-17,2,주토피아 2,2025-11-26,85554,5631499,794541870
2025-12-17,3,윗집 사람들,2025-12-03,9154,454969,86976520
2025-12-17,4,극장판 주술회전: 시부야사변 X 사멸회유,2025-12-03,4044,317776,37667300
2025-12-17,5,뽀로로 극장판 스위트캐슬 대모험,2025-12-11,3303,91926,24589500
2025-12-17,6,룩백,2024-09-05,2518,322586,24237060
2025-12-17,7,여행과 나날,2025-12-10,2462,27788,21761760
2025-12-17,8,정보원,2025-12-03,2448,156259,19953600
2025-12-17,9,프레디의 피자가게 2,2025-12-03,2414,193767,23500800
2025-12-17,10,위키드: 포 굿,2025-11-19,1507,938949,13460700
2025-12-18,1,아바타: 불과 재,2025-12-17,179034,445445,2048696550
2025-12-18,2,주토피아 2,2025-11-26,82280,5713779,760728140
2025-12-18,3,윗집 사람들,2025-12-03,10016,464985,93956000
2025-12-18,4,만약에 우리,2025-12-31,3438,7428,30942000
2025-12-18,5,극장판 주술회전: 시부야사변 X 사멸회유,2025-12-03,3224,321000,31429900
2025-12-18,6,뽀로로 극장판 스위트캐슬 대모험,2025-12-11,3034,94960,24456800
2025-12-18,7,정보원,2025-12-03,2723,158982,24853500
2025-12-18,8,프레디의 피자가게 2,2025-12-03,2511,196278,23416600
2025-12-18,9,여행과 나날,2025-12-10,2207,29995,19327750
2025-12-18,10,위키드: 포 굿,2025-11-19,1656,940605,15520100
2025-12-19,1,아바타: 불과 재,2025-12-17,246179,691624,2938863440
2025-12-19,2,주토피아 2,2025-11-26,115388,5829167,1123036410
2025-12-19,3,윗집 사람들,2025-12-03,11902,476887,116608170
2025-12-19,4,극장판 주술회전: 시부야사변 X 사멸회유,2025-12-03,4206,325206,42725800
2025-12-19,5,프레디의 피자가게 2,2025-12-03,3598,199876,36071300
2025-12-19,6,뽀로로 극장판 스위트캐슬 대모험,2025-12-11,3366,98326,25636100
2025-12-19,7,위키드: 포 굿,2025-11-19,2547,943152,24845450
2025-12-19,8,여행과 나날,2025-12-10,1994,31989,18510100
2025-12-19,9,정보원,2025-12-03,1830,160812,18092200
2025-12-19,10,나우 유 씨 미 3,2025-11-12,1807,1367031,17076800
2025-12-20,1,아바타: 불과 재,2025-12-17,548560,1240184,6394115180
2025-12-20,2,주토피아 2,2025-11-26,258091,6087258,2507849770
2025-12-20,3,뽀로로 극장판 스위트캐슬 대모험,2025-12-11,19257,117583,172142780
2025-12-20,4,윗집 사람들,2025-12-03,14902,491789,148719760
2025-12-20,5,프레디의 피자가게 2,2025-12-03,7812,207688,75211380
2025-12-20,6,극장판 주술회전: 시부야사변 X 사멸회유,2025-12-03,6910,332116,66245120
2025-12-20,7,극장판 짱구는 못말려: 초화려! 작열하는 떡잎마을 댄서즈,2025-12-24,5360,5360,58470630
2025-12-20,8,여행과 나날,2025-12-10,2884,34873,28680200
2025-12-20,9,위키드: 포 굿,2025-11-19,2600,945752,26148100
2025-12-20,10,국보,2025-11-19,1590,178881,15991140
2025-12-21,1,아바타: 불과 재,2025-12-17,505234,1745418,5835272470
2025-12-21,2,주토피아 2,2025-11-26,246819,6334077,2385829700
2025-12-21,3,뽀로로 극장판 스위트캐슬 대모험,2025-12-11,19227,136810,173624220
2025-12-21,4,윗집 사람들,2025-12-03,12296,504085,124181830
2025-12-21,5,극장판 주술회전: 시부야사변 X 사멸회유,2025-12-03,8229,340345,83625590
2025-12-21,6,프레디의 피자가게 2,2025-12-03,7770,215458,75421580
2025-12-21,7,극장판 짱구는 못말려: 초화려! 작열하는 떡잎마을 댄서즈,2025-12-24,4802,10162,52782400
2025-12-21,8,여행과 나날,2025-12-10,2203,37076,21193150
2025-12-21,9,위키드: 포 굿,2025-11-19,2178,947930,21978400
2025-12-21,10,국보,2025-11-19,1735,180616,17783970
2025-12-22,1,아바타: 불과 재,2025-12-17,152241,1897659,1778364190
2025-12-22,2,주토피아 2,2025-11-26,66988,6401065,629559610
2025-12-22,3,윗집 사람들,2025-12-03,7423,511508,71291400
2025-12-22,4,극장판 주술회전: 시부야사변 X 사멸회유,2025-12-03,2830,343175,27510820
2025-12-22,5,뽀로로 극장판 스위트캐슬 대모험,2025-12-11,2780,139590,21804600
2025-12-22,6,만약에 우리,2025-12-31,2697,10125,24290000
2025-12-22,7,"오늘 밤, 세계에서 이 사랑이 사라진다 해도",2025-12-24,2588,2877,23292000
2025-12-22,8,위키드: 포 굿,2025-11-19,2212,950142,19900600
2025-12-22,9,프레디의 피자가게 2,2025-12-03,2014,217472,19138200
2025-12-22,10,여행과 나날,2025-12-10,1535,38611,13771100
2025-12-23,1,아바타: 불과 재,2025-12-17,145797,2043456,1693017460
2025-12-23,2,주토피아 2,2025-11-26,66369,6467434,621352310
2025-12-23,3,윗집 사람들,2025-12-03,7687,519195,73589560
2025-12-23,4,뽀로로 극장판 스위트캐슬 대모험,2025-12-11,4109,143699,31727100
2025-12-23,5,극장판 주술회전: 시부야사변 X 사멸회유,2025-12-03,3128,346303,30349900
2025-12-23,6,정보원,2025-12-03,2343,164664,19731600
2025-12-23,7,프레디의 피자가게 2,2025-12-03,2015,219487,19700100
2025-12-23,8,위키드: 포 굿,2025-11-19,1877,952019,18011400
2025-12-23,9,극장판 체인소 맨: 레제편,2025-09-24,1644,3424467,16762500
2025-12-23,10,국보,2025-11-19,1302,182970,12403450
2025-12-24,1,아바타: 불과 재,2025-12-17,299139,2342595,3376169460
2025-12-24,2,주토피아 2,2025-11-26,131302,6598736,1229918420
2025-12-24,3,"오늘 밤, 세계에서 이 사랑이 사라진다 해도",2025-12-24,63918,66795,613642160
2025-12-24,4,극장판 짱구는 못말려: 초화려! 작열하는 떡잎마을 댄서즈,2025-12-24,39535,49697,372193470
2025-12-24,5,윗집 사람들,2025-12-03,5806,525001,54835900
2025-12-24,6,뽀로로 극장판 스위트캐슬 대모험,2025-12-11,4552,148251,33567400
2025-12-24,7,척의 일생,2025-12-24,3524,5127,32445200
2025-12-24,8,위키드: 포 굿,2025-11-19,2419,954438,22079100
2025-12-24,9,만약에 우리,2025-12-31,2293,12418,23828900
2025-12-24,10,극장판 체인소 맨: 레제편,2025-09-24,2047,3426514,22714220
2025-12-25,1,아바타: 불과 재,2025-12-17,640291,2982886,7314982110
2025-12-25,2,주토피아 2,2025-11-26,431302,7030038,4220061110
2025-12-25,3,"오늘 밤, 세계에서 이 사랑이 사라진다 해도",2025-12-24,115268,182063,1156432890
2025-12-25,4,극장판 짱구는 못말려: 초화려! 작열하는 떡잎마을 댄서즈,2025-12-24,113600,163297,1080467730
2025-12-25,5,뽀로로 극장판 스위트캐슬 대모험,2025-12-11,28011,176262,257858860
2025-12-25,6,윗집 사람들,2025-12-03,6276,531277,63797260
2025-12-25,7,프레디의 피자가게 2,2025-12-03,4467,224914,43149460
2025-12-25,8,만약에 우리,2025-12-31,3255,15673,39461300
2025-12-25,9,위키드: 포 굿,2025-11-19,2616,957054,26310100
2025-12-25,10,척의 일생,2025-12-24,2559,7686,24986050
2025-12-26,1,아바타: 불과 재,2025-12-17,271858,3254744,3220659150
2025-12-26,2,주토피아 2,2025-11-26,108312,7138350,1041885560
2025-12-26,3,"오늘 밤, 세계에서 이 사랑이 사라진다 해도",2025-12-24,46119,228182,448726140
2025-12-26,4,극장판 짱구는 못말려: 초화려! 작열하는 떡잎마을 댄서즈,2025-12-24,24797,188094,242437340
2025-12-26,5,뽀로로 극장판 스위트캐슬 대모험,2025-12-11,5373,181635,47969600
2025-12-26,6,윗집 사람들,2025-12-03,3389,534666,33898800
2025-12-26,7,후지모토 타츠키 17-26 파트 1,2025-10-24,2436,14867,24492860
2025-12-26,8,후지모토 타츠키 17-26 파트 2,2025-10-24,2423,14862,24945500
2025-12-26,9,척의 일생,2025-12-24,2410,10096,23823350
2025-12-26,10,위키드: 포 굿,2025-11-19,1481,958535,14821040
2025-12-27,1,아바타: 불과 재,2025-12-17,416651,3671395,4882594660
2025-12-27,2,주토피아 2,2025-11-26,182036,7320386,1779922550
2025-12-27,3,"오늘 밤, 세계에서 이 사랑이 사라진다 해도",2025-12-24,69417,297599,681766810
2025-12-27,4,극장판 짱구는 못말려: 초화려! 작열하는 떡잎마을 댄서즈,2025-12-24,47037,235131,454872310
2025-12-27,5,뽀로로 극장판 스위트캐슬 대모험,2025-12-11,9179,190814,84260240
2025-12-27,6,윗집 사람들,2025-12-03,3239,537905,32498600
2025-12-27,7,코드: G 주목의 시작,2025-12-27,2888,3689,15665200
2025-12-27,8,프레디의 피자가게 2,2025-12-03,2269,228642,22288880
2025-12-27,9,척의 일생,2025-12-24,1943,12039,19067860
2025-12-27,10,극장판 주술회전: 시부야사변 X 사멸회유,2025-12-03,1901,353368,19046760
2025-12-28,1,아바타: 불과 재,2025-12-17,364963,4036358,4243646380
2025-12-28,2,주토피아 2,2025-11-26,159436,7479822,1549879420
2025-12-28,3,"오늘 밤, 세계에서 이 사랑이 사라진다 해도",2025-12-24,67808,365407,667858450
2025-12-28,4,극장판 짱구는 못말려: 초화려! 작열하는 떡잎마을 댄서즈,2025-12-24,42636,277767,410987270
2025-12-28,5,뽀로로 극장판 스위트캐슬 대모험,2025-12-11,8589,199403,78394270
2025-12-28,6,만약에 우리,2025-12-31,3138,18811,40279400
2025-12-28,7,윗집 사람들,2025-12-03,2900,540805,29394040
2025-12-28,8,척의 일생,2025-12-24,2051,14090,19682300
2025-12-28,9,프레디의 피자가게 2,2025-12-03,1983,230625,19537950
2025-12-28,10,코드: G 주목의 시작,2025-12-27,1948,5637,10684200
2025-12-29,1,아바타: 불과 재,2025-12-17,138756,4175114,1602159840
2025-12-29,2,주토피아 2,2025-11-26,59887,7539709,560483890
2025-12-29,3,"오늘 밤, 세계에서 이 사랑이 사라진다 해도",2025-12-24,33497,398904,318298920
2025-12-29,4,극장판 짱구는 못말려: 초화려! 작열하는 떡잎마을 댄서즈,2025-12-24,15156,292923,142676320
2025-12-29,5,뽀로로 극장판 스위트캐슬 대모험,2025-12-11,5870,205273,51925840
2025-12-29,6,윗집 사람들,2025-12-03,2284,543089,21647200
2025-12-29,7,척의 일생,2025-12-24,1476,15566,13754000
2025-12-29,8,위키드: 포 굿,2025-11-19,1308,963106,12522700
2025-12-29,9,국보,2025-11-19,1110,191245,10480800
2025-12-29,10,신의악단,2025-12-31,1005,4240,9045000
2025-12-30,1,아바타: 불과 재,2025-12-17,138613,4313727,1573424620
2025-12-30,2,주토피아 2,2025-11-26,64173,7603882,593896780
2025-12-30,3,"오늘 밤, 세계에서 이 사랑이 사라진다 해도",2025-12-24,36791,435695,346528680
2025-12-30,4,극장판 짱구는 못말려: 초화려! 작열하는 떡잎마을 댄서즈,2025-12-24,15488,308411,145182620
2025-12-30,5,뽀로로 극장판 스위트캐슬 대모험,2025-12-11,5923,211196,51345800
2025-12-30,6,윗집 사람들,2025-12-03,2513,545602,23296600
2025-12-30,7,척의 일생,2025-12-24,1870,17436,18556000
2025-12-30,8,위키드: 포 굿,2025-11-19,1604,964710,14816300
2025-12-30,9,코드: G 주목의 시작,2025-12-27,1449,7888,7802300
2025-12-30,10,극장판 주술회전: 시부야사변 X 사멸회유,2025-12-03,1335,357540,12228000
2025-12-31,1,아바타: 불과 재,2025-12-17,255811,4569538,2528548820
2025-12-31,2,만약에 우리,2025-12-31,110325,129136,911688760
2025-12-31,3,주토피아 2,2025-11-26,101823,7705705,824680100
2025-12-31,4,"오늘 밤, 세계에서 이 사랑이 사라진다 해도",2025-12-24,53323,489018,422350700
2025-12-31,5,신의악단,2025-12-31,20222,24632,155726960
2025-12-31,6,극장판 짱구는 못말려: 초화려! 작열하는 떡잎마을 댄서즈,2025-12-24,18979,327390,154747310
2025-12-31,7,화양연화 특별판,2025-12-31,9292,11279,80027452
2025-12-31,8,뽀로로 극장판 스위트캐슬 대모험,2025-12-11,4807,216003,41105520
2025-12-31,9,누벨바그,2025-12-31,4051,4597,24782960
2025-12-31,10,파더 마더 시스터 브라더,2025-12-31,3216,5344,26807400
